"NCBI.taxon.ID","scientific.name"
46125,"Abiotrophia defectiva"
290052,"Acetivibrio ethanolgignens"
1076594,"Acetobacter okinawensis"
1076592,"Acetobacter papayae"
438,"Acetobacter pasteurianus"
1076596,"Acetobacter persici"
52689,"Acetobacterium bakii"
52694,"Acetobacterium wieringae"
2374,"Acetonema longum"
29552,"Acholeplasma axanthum"
61635,"Acholeplasma brassicae"
2148,"Acholeplasma laidlawii"
2150,"Acholeplasma modicum"
38986,"Acholeplasma palmae"
228419,"Acholeplasma pleciae"
72556,"Achromobacter piechaudii"
1389639,"Achromobacter sp. CCUG 56089"
85698,"Achromobacter xylosoxidans"
905,"Acidaminococcus fermentans"
187327,"Acidaminococcus intestini"
1111120,"Acidaminococcus sp. BV3L6"
563191,"Acidaminococcus sp. D21"
1203555,"Acidaminococcus sp. HPA0509"
1765967,"Acidihalobacter ferrooxidans"
160660,"Acidihalobacter prosperus"
53635,"Acidimicrobium ferrooxidans"
523,"Acidiphilium angustum"
526,"Acidiphilium rubrum"
33059,"Acidithiobacillus caldus"
930,"Acidithiobacillus thiooxidans"
33075,"Acidobacterium capsulatum"
472056,"Acidocella aluminiidurans"
33998,"Acidocella aminolytica"
80867,"Acidovorax avenae"
862720,"Acidovorax oryzae"
232721,"Acidovorax sp. JS42"
358220,"Acidovorax sp. KKS102"
187868,"Acidovorax valerianellae"
470,"Acinetobacter baumannii"
106648,"Acinetobacter bereziniae"
471,"Acinetobacter calcoaceticus"
202952,"Acinetobacter gerneri"
106649,"Acinetobacter guillouiae"
134534,"Acinetobacter gyllenbergii"
29430,"Acinetobacter haemolyticus"
40214,"Acinetobacter johnsonii"
40215,"Acinetobacter junii"
28090,"Acinetobacter lwoffii"
106654,"Acinetobacter nosocomialis"
1148157,"Acinetobacter oleivorans"
134533,"Acinetobacter parvus"
48296,"Acinetobacter pittii"
40216,"Acinetobacter radioresistens"
108981,"Acinetobacter schindleri"
487316,"Acinetobacter soli"
1144661,"Acinetobacter sp. CIP 101934"
1144662,"Acinetobacter sp. CIP 101966"
1144673,"Acinetobacter sp. CIP 64.7"
202955,"Acinetobacter tjernbergiae"
202956,"Acinetobacter towneri"
108980,"Acinetobacter ursingii"
52133,"Acinetobacter venetianus"
478107,"Actinoallomurus iriomotensis"
340345,"Actinoalloteichus hymeniacidonis"
720,"Actinobacillus lignieresii"
51048,"Actinobacillus porcinus"
123820,"Actinobacillus rossii"
716,"Actinobacillus suis"
1634035,"actinobacterium DSM 46683"
202789,"Actinobaculum massiliense"
46204,"Actinocorallia aurantiaca"
65511,"Actinocorallia aurea"
46203,"Actinocorallia glomerata"
111803,"Actinocorallia longicatena"
566001,"Actinocorallia sp. YIM 56155"
79909,"Actinomadura livida"
1038904,"Actinomadura sediminis"
1658,"Actinomyces bovis"
181487,"Actinomyces cardiffensis"
52767,"Actinomyces denticolens"
66228,"Actinomyces europaeus"
52769,"Actinomyces gerencseriae"
55565,"Actinomyces graevenitzii"
52770,"Actinomyces hordeovulneris"
1659,"Actinomyces israelii"
544581,"Actinomyces johnsonii"
114702,"Actinomyces lingnae"
156892,"Actinomyces marimammalium"
52773,"Actinomyces meyeri"
1655,"Actinomyces naeslundii"
33007,"Actinomyces neuii"
1660,"Actinomyces odontolyticus"
544580,"Actinomyces oris"
111015,"Actinomyces radicidentis"
131110,"Actinomyces radingae"
29317,"Actinomyces sp."
1203556,"Actinomyces sp. HPA0247"
936548,"Actinomyces sp. ICM47"
121163,"Actinomyces suimastitidis"
131111,"Actinomyces turicensis"
103621,"Actinomyces urogenitalis"
1656,"Actinomyces viscosus"
402650,"Actinomycetospora chiangmaiensis"
304901,"Actinospica robiniae"
59505,"Actinotignum schaalii"
190146,"Actinotignum urinale"
299567,"Adhaeribacter aquaticus"
529703,"Adhaeribacter terreus"
446660,"Adlercreutzia equolifaciens"
101385,"Aequorivita sublithincola"
87541,"Aerococcus christensenii"
1376,"Aerococcus urinae"
51665,"Aerococcus urinaeequi"
219314,"Aeromicrobium marinum"
1871063,"Aeromicrobium sp."
648,"Aeromonas caviae"
196024,"Aeromonas dhakensis"
591962,"Aeromonas fluvialis"
651,"Aeromonas media"
600645,"Aeromonas piscicola"
70856,"Aeromonas popoffii"
648794,"Aeromonas rivuli"
645,"Aeromonas salmonicida"
633415,"Aeromonas sanarellii"
633417,"Aeromonas taiwanensis"
654,"Aeromonas veronii"
56946,"Afipia broomeae"
182262,"Agarivorans albus"
732,"Aggregatibacter aphrophilus"
739,"Aggregatibacter segnis"
1077255,"Agitococcus lubricus"
1176649,"Agrobacterium fabrum"
82789,"Agrobacterium sp. ATCC 31749"
153730,"Agrococcus baldri"
88373,"Agromyces luteolus"
41986,"Agromyces mediolanus"
1746608,"Agromyces sp. HBUM178855"
293890,"Agromyces subbeticus"
239935,"Akkermansia muciniphila"
511,"Alcaligenes faecalis"
191295,"Alcaligenes sp. VKM B-2263"
84485,"Alcanivorax sp. K3-3"
1113723,"Alcanivorax sp. NBRC 101092"
1113895,"Alcanivorax sp. NBRC 102024"
84500,"Alcanivorax sp. Wf-1"
264027,"Algoriphagus marincola"
1450,"Alicyclobacillus acidoterrestris"
392016,"Alicyclobacillus contaminans"
392015,"Alicyclobacillus macrosporangiidus"
545533,"Alishewanella jeotgali"
214856,"Alistipes finegoldii"
626932,"Alistipes indistinctus"
1118061,"Alistipes obesi"
328813,"Alistipes onderdonkii"
28117,"Alistipes putredinis"
1288121,"Alistipes senegalensis"
328814,"Alistipes shahii"
908612,"Alistipes sp. HGB5"
1755610,"Alistipes sp. MC_19"
650643,"Alistipes sp. RMA 9912"
1465754,"Alistipes timonensis"
94136,"Alkalibacillus haloalkaliphilus"
99907,"Alkalibacterium olivapovliticus"
286730,"Alkaliflexus imshenetskii"
351052,"Alkalilimnicola ehrlichii"
400390,"Alkalimonas collagenimarina"
265981,"Alkalimonas delamerensis"
208226,"Alkaliphilus metalliredigens"
461876,"Alkaliphilus oremlandii"
174709,"Allobaculum stercoricanis"
1652,"Alloiococcus otitis"
671218,"Alloprevotella rava"
76122,"Alloprevotella tannerae"
356828,"Alloscardovia criceti"
419015,"Alloscardovia omnicolens"
744985,"alpha proteobacterium HIMB59"
692370,"Altererythrobacter dongtanensis"
28108,"Alteromonas macleodii"
153491,"Alysiella crassa"
83263,"Aminobacter aminovorans"
81467,"Aminobacterium mobile"
42838,"Ammonifex degensii"
1449,"Amphibacillus xylanus"
76021,"Amycolatopsis coloradensis"
129921,"Amycolatopsis keratiniphila"
31959,"Amycolatopsis lurida"
33910,"Amycolatopsis mediterranei"
287986,"Amycolatopsis rifamycinica"
342230,"Amycolatopsis taiwanensis"
52271,"Anabaena sp. CA = ATCC 33047"
97477,"Anaerobaculum mobile"
13335,"Anaerobiospirillum succiniciproducens"
179995,"Anaerobiospirillum thomasii"
42448,"Anaerobranca horikoshii"
33029,"Anaerococcus hydrogenalis"
33032,"Anaerococcus lactolyticus"
1287640,"Anaerococcus obesiensis"
54007,"Anaerococcus octavius"
33034,"Anaerococcus prevotii"
33036,"Anaerococcus tetradius"
33037,"Anaerococcus vaginalis"
1527,"Anaerocolumna aminovalerica"
52787,"Anaerofilum pentosovorans"
214853,"Anaerofustis stercorihominis"
156456,"Anaeroglobus geminatus"
167964,"Anaerolinea thermophila"
161493,"Anaeromyxobacter dehalogenans"
404589,"Anaeromyxobacter sp. Fw109-5"
447217,"Anaeromyxobacter sp. K"
2088,"Anaeroplasma bactoclasticum"
118967,"Anaerorhabdus furcosa"
82375,"Anaerosinus glycerini"
264463,"Anaerosporobacter mobilis"
645466,"Anaerostipes butyraticus"
105841,"Anaerostipes caccae"
649756,"Anaerostipes hadrus"
665937,"Anaerostipes sp. 3_2_56FAA"
169435,"Anaerotruncus colihominis"
82374,"Anaerovibrio lipolyticus"
770,"Anaplasma marginale"
948,"Anaplasma phagocytophilum"
225988,"Anoxybacillus contaminans"
33934,"Anoxybacillus flavithermus"
1490051,"Anoxybacillus geothermalis"
1586267,"Apibacter mensalis"
69279,"Aquamicrobium defluvii"
89772,"Aquamicrobium lusatiense"
190,"Aquaspirillum serpens"
279446,"Aquibacillus koreensis"
332411,"Aquitalea magnusonii"
28264,"Arcanobacterium haemolyticum"
149017,"Arcanobacterium hippocoleae"
131112,"Arcanobacterium phocae"
28197,"Arcobacter butzleri"
255507,"Arcobacter cibarius"
28198,"Arcobacter cryaerophilus"
28199,"Arcobacter nitrofigilis"
944547,"Arcobacter sp. L"
86104,"Arenibacter latericius"
370776,"Arenimonas composti"
498055,"Arenimonas oryziterrae"
551760,"Aromatoleum aromaticum"
638,"Arsenophonus nasoniae"
656366,"Arthrobacter alpinus"
1670,"Arthrobacter citreus"
37928,"Arthrobacter crystallopoietes"
1665,"Arthrobacter globiformis"
1071850,"Arthrobacter sp. CCBAU 10838"
290399,"Arthrobacter sp. FB24"
887349,"Arthrobacter sp. KOPRI 25486"
887358,"Arthrobacter sp. KOPRI 25587"
994609,"Arthrobacter sp. KOPRI 25755"
163874,"Arthrobacter tumbae"
156980,"Arthrobacter woluwensis"
118562,"Arthrospira platensis"
394340,"Asaccharobacter celatus"
229545,"Aster yellows witches'-broom phytoplasma"
2153,"Asteroleplasma anaerobium"
78587,"Asticcacaulis excentricus"
39487,"Atopobium fossor"
1381,"Atopobium minutum"
1382,"Atopobium parvulum"
1383,"Atopobium rimae"
1111121,"Atopobium sp. BV3Ac4"
82135,"Atopobium vaginae"
269774,"Atopococcus tabaci"
370622,"Aureimonas altamirensis"
424757,"Aureimonas frigidaquae"
401562,"Aureimonas ureilytica"
62928,"Azoarcus sp. BH72"
748247,"Azoarcus sp. KH32C"
34027,"Azoarcus tolulyticus"
146939,"Azospira oryzae"
403962,"Azospirillum canadense"
193,"Azospirillum lipoferum"
528244,"Azospirillum thiophilum"
270345,"Azotobacter armeniacus"
1221450,"Bacillus abyssalis"
371036,"Bacillus acidiceler"
1445,"Bacillus alcalophilus"
427920,"Bacillus alkalinitrilicus"
29332,"Bacillus aminovorans"
1392,"Bacillus anthracis"
209458,"Bacillus arbutinivorans"
1452,"Bacillus atrophaeus"
220685,"Bacillus bataviensis"
1456,"Bacillus benzoevorans"
1069813,"Bacillus berkeleyi"
246272,"Bacillus bogoriensis"
308892,"Bacillus boroniphilus"
421767,"Bacillus butanolivorans"
1413,"Bacillus cellulosilyticus"
1396,"Bacillus cereus"
1397,"Bacillus circulans"
79879,"Bacillus clarkii"
79880,"Bacillus clausii"
33932,"Bacillus cohnii"
209460,"Bacillus djibelorensis"
1402860,"Bacillus enclensis"
135735,"Bacillus endophyticus"
718002,"Bacillus endoradicis"
86664,"Bacillus flexus"
105229,"Bacillus fumarioli"
574375,"Bacillus gaemokensis"
79882,"Bacillus halmapalus"
86665,"Bacillus halodurans"
930124,"Bacillus halosaccharovorans"
127886,"Bacillus hemicellulosilyticus"
79883,"Bacillus horikoshii"
246786,"Bacillus indicus"
324767,"Bacillus infantis"
284581,"Bacillus koreensis"
199441,"Bacillus krulwichiae"
1467,"Bacillus lentus"
1402,"Bacillus licheniformis"
449215,"Bacillus longiquaesitum"
682179,"Bacillus luteolus"
1418,"Bacillus mannanilyticus"
189381,"Bacillus marisflavi"
1404,"Bacillus megaterium"
171685,"Bacillus murimartini"
1405,"Bacillus mycoides"
1793963,"Bacillus nakamurai"
115979,"Bacillus nealsonii"
86668,"Bacillus niacini"
220687,"Bacillus novalis"
38875,"Bacillus oleronius"
290588,"Bacillus oshimensis"
228576,"Bacillus patagoniensis"
79885,"Bacillus pseudofirmus"
1407,"Bacillus psychrosaccharolyticus"
1408,"Bacillus pumilus"
85683,"Bacillus selenitireducens"
157838,"Bacillus shackletonii"
659243,"Bacillus siamensis"
1478,"Bacillus simplex"
1479,"Bacillus smithii"
220688,"Bacillus soli"
1409,"Bacillus sp."
666686,"Bacillus sp. 1NLA3E"
521462,"Bacillus sp. CCBAU 10711"
521463,"Bacillus sp. CCBAU 10712"
985664,"Bacillus sp. CCUG 60788"
882128,"Bacillus sp. IHB B 2252"
1128614,"Bacillus sp. JCM 10530"
1460639,"Bacillus sp. JCM 19045"
1811976,"Bacillus sp. KCTC 13219"
171686,"Bacillus sp. LMG 20243"
1113735,"Bacillus sp. NBRC 101221"
1113737,"Bacillus sp. NBRC 101223"
1113741,"Bacillus sp. NBRC 101250"
1113748,"Bacillus sp. NBRC 101285"
1113588,"Bacillus sp. NBRC 3527"
1423,"Bacillus subtilis"
35841,"Bacillus thermoamylovorans"
1428,"Bacillus thuringiensis"
218284,"Bacillus vietnamensis"
202269,"bacterium YIM-kkny4"
85831,"Bacteroides acidifaciens"
376804,"Bacteroides barnesiae"
47678,"Bacteroides caccae"
246787,"Bacteroides cellulosilyticus"
626929,"Bacteroides clarus"
310298,"Bacteroides coprocola"
387090,"Bacteroides coprophilus"
151276,"Bacteroides coprosuis"
357276,"Bacteroides dorei"
28111,"Bacteroides eggerthii"
871325,"Bacteroides faecichinchillae"
674529,"Bacteroides faecis"
338188,"Bacteroides finegoldii"
626930,"Bacteroides fluxus"
817,"Bacteroides fragilis"
376806,"Bacteroides gallinarum"
477666,"Bacteroides graminisolvens"
290053,"Bacteroides helcogenes"
28113,"Bacteroides heparinolyticus"
329854,"Bacteroides intestinalis"
1297750,"Bacteroides luti"
204516,"Bacteroides massiliensis"
291645,"Bacteroides nordii"
626931,"Bacteroides oleiciplenus"
28116,"Bacteroides ovatus"
732242,"Bacteroides paurosaccharolyticus"
384638,"Bacteroides pectinophilus"
310297,"Bacteroides plebeius"
392838,"Bacteroides propionicifaciens"
310300,"Bacteroides pyogenes"
1133319,"Bacteroides reticulotermitis"
691816,"Bacteroides rodentium"
376805,"Bacteroides salanitronis"
291644,"Bacteroides salyersiae"
671267,"Bacteroides sartorii"
469585,"Bacteroides sp. 1_1_14"
457387,"Bacteroides sp. 1_1_30"
469586,"Bacteroides sp. 1_1_6"
469588,"Bacteroides sp. 2_1_22"
469590,"Bacteroides sp. 2_2_4"
469592,"Bacteroides sp. 3_1_19"
469593,"Bacteroides sp. 3_1_40A"
457392,"Bacteroides sp. 3_2_5"
457394,"Bacteroides sp. 4_3_47FAA"
457395,"Bacteroides sp. 9_1_42FAA"
107580,"Bacteroides sp. CIP103040"
214858,"Bacteroides sp. DSM 12148"
1755604,"Bacteroides sp. MC_13"
1755607,"Bacteroides sp. MC_16"
871324,"Bacteroides stercorirosoris"
46506,"Bacteroides stercoris"
818,"Bacteroides thetaiotaomicron"
820,"Bacteroides uniformis"
821,"Bacteroides vulgatus"
371601,"Bacteroides xylanisolvens"
28119,"Bacteroides zoogleoformans"
487174,"Barnesiella intestinihominis"
397865,"Barnesiella viscericola"
807,"Bartonella elizabethae"
803,"Bartonella quintana"
1472345,"Basilea psittacipulmonis"
959,"Bdellovibrio bacteriovorus"
453816,"Bdellovibrio exovorus"
133189,"Bdellovibrio sp. W"
1015,"Bergeyella zoohelcum"
543913,"beta proteobacterium CB"
260337,"beta proteobacterium HTCC379"
638619,"Bifidobacterium actinocoloniiforme"
1680,"Bifidobacterium adolescentis"
1683,"Bifidobacterium angulatum"
28025,"Bifidobacterium animalis"
1684,"Bifidobacterium asteroides"
762212,"Bifidobacterium biavatii"
1681,"Bifidobacterium bifidum"
78343,"Bifidobacterium boum"
1685,"Bifidobacterium breve"
1686,"Bifidobacterium catenulatum"
35760,"Bifidobacterium choerinum"
1687,"Bifidobacterium coryneforme"
1688,"Bifidobacterium cuniculi"
1689,"Bifidobacterium dentium"
78342,"Bifidobacterium gallicum"
1691,"Bifidobacterium indicum"
216816,"Bifidobacterium longum"
78345,"Bifidobacterium merycicum"
1693,"Bifidobacterium minimum"
518643,"Bifidobacterium mongoliense"
28026,"Bifidobacterium pseudocatenulatum"
1694,"Bifidobacterium pseudolongum"
78448,"Bifidobacterium pullorum"
983706,"Bifidobacterium reuteri"
78346,"Bifidobacterium ruminantium"
762210,"Bifidobacterium saguini"
158787,"Bifidobacterium scardovii"
705309,"Bifidobacterium sp. JCM 6439"
762211,"Bifidobacterium stellenboschense"
246618,"Bifidobacterium thermacidophilum"
33905,"Bifidobacterium thermophilum"
356829,"Bifidobacterium tsurumiense"
693988,"Bilophila sp. 4_1_30"
35833,"Bilophila wadsworthia"
28158,"Bisgaard Taxon 3"
28161,"Bisgaard Taxon 7"
624186,"Blattabacterium sp. (Blattella germanica)"
1532,"Blautia coccoides"
536633,"Blautia glucerasea"
1322,"Blautia hansenii"
53443,"Blautia hydrogenotrophica"
89014,"Blautia luti"
40520,"Blautia obeum"
33035,"Blautia producta"
180164,"Blautia schinkii"
521,"Bordetella avium"
518,"Bordetella bronchiseptica"
53254,"Bosea thiooxidans"
43669,"Brachybacterium faecium"
219301,"Brachybacterium muris"
47847,"Brachybacterium nesterenkovii"
173362,"Brachybacterium paraconglomeratum"
1746632,"Brachybacterium sp. HBUM179121"
84379,"Brachyspira alvinipulli"
84377,"Brachyspira intermedia"
84378,"Brachyspira murdochii"
52584,"Brachyspira pilosicoli"
1355477,"Bradyrhizobium diazoefficiens"
29448,"Bradyrhizobium elkanii"
375,"Bradyrhizobium japonicum"
722472,"Bradyrhizobium lablabi"
43992,"Bradyrhizobium liaoningense"
44255,"Bradyrhizobium oligotrophicum"
55210,"Brenneria nigrifluens"
55214,"Brenneria salicis"
1488214,"Brenneria sp. IHBB 6841"
1488215,"Brenneria sp. IHBB 6858"
1393,"Brevibacillus brevis"
54913,"Brevibacillus formosus"
54915,"Brevibacillus reuszeri"
417948,"Brevibacterium album"
234835,"Brevibacterium antiquum"
225845,"Brevibacterium celere"
1698,"Brevibacterium epidermidis"
31943,"Brevibacterium iodinum"
1703,"Brevibacterium linens"
53363,"Brevibacterium mcbrellneri"
479117,"Brevibacterium ravenspurgense"
34097,"Brevinema andersonii"
74314,"Brevundimonas alba"
74316,"Brevundimonas aurantiaca"
370977,"Brevundimonas aveniformis"
74311,"Brevundimonas bacteroides"
293,"Brevundimonas diminuta"
74329,"Brevundimonas mediterranea"
588932,"Brevundimonas naejangsanensis"
98512,"Brevundimonas sp. LMG 9564"
1113824,"Brevundimonas sp. NBRC 101767"
74313,"Brevundimonas subvibrioides"
41276,"Brevundimonas vesicularis"
2756,"Brochothrix thermosphacta"
29459,"Brucella melitensis"
29461,"Brucella suis"
9,"Buchnera aphidicola"
118748,"Bulleidia extructa"
292,"Burkholderia cepacia"
87883,"Burkholderia multivorans"
28450,"Burkholderia pseudomallei"
640510,"Burkholderia sp. CCGE1001"
640511,"Burkholderia sp. CCGE1002"
1097668,"Burkholderia sp. YI23"
1515439,"Burkholderia susongensis"
469610,"Burkholderiales bacterium 1_1_47"
501571,"Butyricicoccus pullicaecorum"
544644,"Butyricimonas synergistica"
544645,"Butyricimonas virosa"
45851,"Butyrivibrio crossotus"
831,"Butyrivibrio fibrisolvens"
185008,"Butyrivibrio hungatei"
43305,"Butyrivibrio proteoclasticus"
293647,"Byssovorax cruenta"
911092,"Caldanaerobacter subterraneus"
44256,"Caldanaerobius polysaccharolyticus"
717609,"Caldicellulosiruptor obsidiansis"
133453,"Caldilinea aerophila"
693075,"Caldisericum exile"
373054,"Calditerricola satsumensis"
187145,"Caldithrix abyssi"
410330,"Calyptogena okutanii thioautotrophic gill symbiont"
166485,"Caminicella sporogenes"
195,"Campylobacter coli"
199,"Campylobacter concisus"
200,"Campylobacter curvus"
196,"Campylobacter fetus"
824,"Campylobacter gracilis"
28898,"Campylobacter helveticus"
76517,"Campylobacter hominis"
198,"Campylobacter hyointestinalis"
197,"Campylobacter jejuni"
201,"Campylobacter lari"
202,"Campylobacter mucosalis"
203,"Campylobacter rectus"
204,"Campylobacter showae"
28080,"Campylobacter upsaliensis"
827,"Campylobacter ureolyticus"
1211813,"Candidatus Alistipes marseilloanorexicus AP11"
1041504,"Candidatus Arthromitus sp. SFB-rat-Yit"
511435,"Candidatus Azobacteroides pseudotrichonymphae"
673862,"Candidatus Babela massiliensis"
203907,"Candidatus Blochmannia floridanus"
251535,"Candidatus Blochmannia vafer"
658062,"Candidatus Koribacter versatilis"
1406512,"Candidatus Methanomassiliicoccus intestinalis"
1291540,"Candidatus Methanomethylophilus alvus"
1229909,"Candidatus Nitrosopumilus sp. AR2"
1002672,"Candidatus Pelagibacter sp. IMCC9063"
198252,"Candidatus Pelagibacter ubique"
337315,"Candidatus Peptoniphilus massiliensis"
37692,"Candidatus Phytoplasma mali"
669502,"Candidatus Profftella armatura"
362787,"Candidatus Protochlamydia amoebophila"
332163,"Candidatus Solibacter usitatus"
1017,"Capnocytophaga gingivalis"
45242,"Capnocytophaga granulosa"
1018,"Capnocytophaga ochracea"
44737,"Capnocytophaga sp."
1019,"Capnocytophaga sputigena"
54265,"Carboxydothermus ferrireducens"
249402,"Cardinium endosymbiont of Encarsia pergandiella"
2718,"Cardiobacterium hominis"
1073423,"Carnobacterium iners"
147709,"Carnobacterium inhibens"
2751,"Carnobacterium maltaromaticum"
208596,"Carnobacterium sp. 17-4"
33978,"Caryophanon tenue"
270498,"Catabacter hongkongensis"
53366,"Catellatospora citrea"
100886,"Catenibacterium mitsuokai"
304895,"Catenulispora acidiphila"
43997,"Catonella morbi"
69396,"Caulobacter fusiformis"
69395,"Caulobacter henricii"
88688,"Caulobacter segnis"
1766719,"Caviibacter abscessus"
1708,"Cellulomonas fimi"
156981,"Cellulomonas hominis"
979,"Cellulophaga lytica"
29360,"Cellulosilyticum lentocellum"
425254,"Cellulosilyticum ruminicola"
1710,"Cellulosimicrobium cellulans"
1746653,"Cellulosimicrobium sp. HBUM179776"
155077,"Cellvibrio japonicus"
180915,"Cellvibrio vulgaris"
180163,"Cetobacterium ceti"
188913,"Cetobacterium somerae"
217162,"Chamaesiphon subglobosus"
363953,"Chelatococcus sambhunathii"
1737446,"Chitinibacter sp. STM-7"
1411119,"Chitinimonas sp. YIM 77919"
1419482,"Chitinophaga jiangningensis"
536979,"Chitinophaga niabensis"
79329,"Chitinophaga pinensis"
83555,"Chlamydia abortus"
458033,"Chloracidobacterium thermophilum"
1092,"Chlorobium limicola"
152260,"Chloroflexus aggregans"
1108,"Chloroflexus aurantiacus"
480224,"Chloroflexus sp. Y-400-fl"
51,"Chondromyces apiculatus"
626937,"Christensenella minuta"
536,"Chromobacterium violaceum"
42055,"Chromohalobacter marismortui"
442388,"Chroococcus sp. JJCM"
266748,"Chryseobacterium antarcticum"
452084,"Chryseobacterium aquaticum"
1416778,"Chryseobacterium arachidis"
246,"Chryseobacterium balustinum"
1124835,"Chryseobacterium carnipullorum"
713588,"Chryseobacterium chaponense"
192389,"Chryseobacterium daecheongense"
412438,"Chryseobacterium daeguense"
236814,"Chryseobacterium formosense"
373672,"Chryseobacterium gambrini"
250,"Chryseobacterium gleum"
421525,"Chryseobacterium haifense"
1453492,"Chryseobacterium hispalense"
254,"Chryseobacterium indoltheticum"
266749,"Chryseobacterium jeonii"
395933,"Chryseobacterium lathyri"
216903,"Chryseobacterium molle"
421058,"Chryseobacterium oranimense"
551459,"Chryseobacterium piscicola"
59733,"Chryseobacterium scophthalmum"
445961,"Chryseobacterium soli"
510955,"Chryseobacterium solincola"
1071862,"Chryseobacterium sp. CCBAU 10985"
1721091,"Chryseobacterium sp. IHB B 17019"
373668,"Chryseobacterium ureilyticum"
307480,"Chryseobacterium vrystaatense"
1416779,"Chryseobacterium zeae"
947013,"Chryseolinea serpens"
309797,"Chrysiogenes arsenatis"
454171,"Chthonomonas calidirosea"
57706,"Citrobacter braakii"
546,"Citrobacter freundii"
545,"Citrobacter koseri"
28447,"Clavibacter michiganensis"
508460,"Cloacibacillus evryensis"
237258,"Cloacibacterium normanense"
1070699,"Clostridiaceae bacterium JC118"
457421,"Clostridiales bacterium 1_7_47FAA"
1496,"Clostridioides difficile"
84022,"Clostridium aceticum"
76489,"Clostridium acetireducens"
1488,"Clostridium acetobutylicum"
358742,"Clostridium aldenense"
33953,"Clostridium aminobutyricum"
1121298,"Clostridium amylolyticum"
333367,"Clostridium asparagiforme"
1551,"Clostridium aurantibutyricum"
84023,"Clostridium autoethanogenum"
1561,"Clostridium baratii"
1520,"Clostridium beijerinckii"
208479,"Clostridium bolteae"
1491,"Clostridium botulinum"
1492,"Clostridium butyricum"
1529,"Clostridium cadaveris"
1530,"Clostridium carnis"
36834,"Clostridium celatum"
29354,"Clostridium celerecrescens"
29355,"Clostridium cellobioparum"
1521,"Clostridium cellulolyticum"
1493,"Clostridium cellulovorans"
29356,"Clostridium chartatabidum"
46867,"Clostridium chauvoei"
358743,"Clostridium citroniae"
288965,"Clostridium clariflavum"
1531,"Clostridium clostridioforme"
69824,"Clostridium cocleatum"
179628,"Clostridium colicanis"
36835,"Clostridium colinum"
1495,"Clostridium cylindrosporum"
238834,"Clostridium estertheticum"
1533,"Clostridium fallax"
1497,"Clostridium formicaceticum"
94869,"Clostridium gasigenes"
89152,"Clostridium hiranonis"
36844,"Clostridium homopropionicum"
48256,"Clostridium hungatei"
89153,"Clostridium hylemonae"
69825,"Clostridium indolis"
1522,"Clostridium innocuum"
1499,"Clostridium josui"
1534,"Clostridium kluyveri"
1535,"Clostridium leptum"
1538,"Clostridium ljungdahlii"
33954,"Clostridium magnum"
1539,"Clostridium malenominatum"
35785,"Clostridium maximum"
84026,"Clostridium methylpentosum"
39489,"Clostridium moniliforme"
36847,"Clostridium neopropionicum"
1542,"Clostridium novyi"
1544,"Clostridium oroticum"
1450648,"Clostridium oryzae"
29362,"Clostridium papyrosolvens"
29363,"Clostridium paraputrificum"
46609,"Clostridium pascui"
1501,"Clostridium pasteurianum"
1502,"Clostridium perfringens"
69208,"Clostridium polyendosporum"
29364,"Clostridium polysaccharolyticum"
28446,"Clostridium propionicum"
29367,"Clostridium puniceum"
1503,"Clostridium purinilyticum"
99675,"Clostridium putrefaciens"
36850,"Clostridium quinii"
169679,"Clostridium saccharobutylicum"
341225,"Clostridium saccharogumia"
84030,"Clostridium saccharolyticum"
36745,"Clostridium saccharoperbutylacetonicum"
29369,"Clostridium sardiniense"
84031,"Clostridium sartagoforme"
29347,"Clostridium scindens"
1504,"Clostridium septicum"
1506,"Clostridium sp."
457396,"Clostridium sp. 7_2_43FAA"
1507,"Clostridium sp. ATCC 29733"
649724,"Clostridium sp. ATCC BAA-442"
755731,"Clostridium sp. BNL1100"
556261,"Clostridium sp. D5"
908340,"Clostridium sp. HGF2"
1226325,"Clostridium sp. KLE 1755"
411489,"Clostridium sp. L2-50"
1105031,"Clostridium sp. MSTE9"
411484,"Clostridium sp. SS2/1"
1042156,"Clostridium sp. SY8519"
29370,"Clostridium sphenoides"
29348,"Clostridium spiroforme"
1509,"Clostridium sporogenes"
1549,"Clostridium sporosphaeroides"
1510,"Clostridium stercorarium"
1550,"Clostridium subterminale"
1512,"Clostridium symbiosum"
39493,"Clostridium tarantellae"
29371,"Clostridium termitidis"
1559,"Clostridium tertium"
1513,"Clostridium tetani"
29372,"Clostridium thermobutyricum"
84032,"Clostridium thermosuccinogenes"
150336,"Clostridium thiosulfatireducens"
219748,"Clostridium tunisiense"
1519,"Clostridium tyrobutyricum"
1267,"Clostridium ventriculi"
47246,"Clostridium viride"
29375,"Clostridium xylanolyticum"
1302690,"Cnuella takakiae"
477675,"Cohnella fontinalis"
64178,"Coleofasciculus chthonoplastes"
74426,"Collinsella aerofaciens"
147207,"Collinsella intestinalis"
147206,"Collinsella stercoris"
626935,"Collinsella tanakaei"
28229,"Colwellia psychrerythraea"
225991,"Comamonas aquatica"
265291,"Comamonas badia"
290309,"Comamonas granuli"
225992,"Comamonas kerstersii"
792637,"Comamonas sp. MBIC3885"
673548,"Comamonas terrae"
32013,"Comamonas terrigena"
285,"Comamonas testosteroni"
153493,"Conchiformibius steedae"
191495,"Conexibacter woesei"
100884,"Coprobacillus cateniformis"
469596,"Coprobacillus sp. 29_1"
556262,"Coprobacillus sp. D6"
1099853,"Coprobacter fastidiosus"
116085,"Coprococcus catus"
410072,"Coprococcus comes"
33043,"Coprococcus eutactus"
751585,"Coprococcus sp. ART55/1"
1078091,"Coprococcus sp. HPP0048"
1078090,"Coprococcus sp. HPP0074"
108819,"Coprothermobacter platensis"
395922,"Coraliomargarita akajimensis"
184914,"Corallococcus coralloides"
1111135,"Coriobacteriaceae bacterium BV3Ac1"
33871,"Coriobacterium glomerans"
85317,"Coriobacterium sp. CCUG 33917"
38284,"Corynebacterium accolens"
38286,"Corynebacterium afermentans"
1697,"Corynebacterium ammoniagenes"
43765,"Corynebacterium amycolatum"
163202,"Corynebacterium appendicis"
169292,"Corynebacterium aurimucosum"
161896,"Corynebacterium camporealensis"
160386,"Corynebacterium casei"
234828,"Corynebacterium caspium"
53374,"Corynebacterium coyleae"
1717,"Corynebacterium diphtheriae"
61592,"Corynebacterium durum"
38287,"Corynebacterium fastidiosum"
38288,"Corynebacterium genitalium"
187491,"Corynebacterium glaucum"
39791,"Corynebacterium glucuronolyticum"
1718,"Corynebacterium glutamicum"
1404244,"Corynebacterium glyciniphilum"
1223514,"Corynebacterium humireducens"
156978,"Corynebacterium imitans"
38289,"Corynebacterium jeikeium"
161879,"Corynebacterium kroppenstedtii"
161889,"Corynebacterium lipophiloflavum"
349751,"Corynebacterium marinum"
43768,"Corynebacterium matruchotii"
38301,"Corynebacterium minutissimum"
38302,"Corynebacterium mycetoides"
43769,"Corynebacterium propinquum"
37637,"Corynebacterium pseudodiphtheriticum"
38303,"Corynebacterium pseudogenitalium"
598660,"Corynebacterium pyruviciproducens"
1724,"Corynebacterium renale"
258224,"Corynebacterium resistens"
43990,"Corynebacterium segmentosum"
1487956,"Corynebacterium sp. ATCC 6931"
1078764,"Corynebacterium sp. HFH0082"
1859290,"Corynebacterium sp. YIM 101343"
1859291,"Corynebacterium sp. YIM 101587"
191493,"Corynebacterium sphenisci"
185761,"Corynebacterium spheniscorum"
1705,"Corynebacterium stationis"
43770,"Corynebacterium striatum"
161902,"Corynebacterium sundsvallense"
136857,"Corynebacterium testudinoris"
38304,"Corynebacterium tuberculostearicum"
302449,"Corynebacterium tuscaniense"
43771,"Corynebacterium urealyticum"
1727,"Corynebacterium variabile"
1725,"Corynebacterium xerosis"
1452487,"Crenobacter luteus"
184607,"Crocinitomix catalasitica"
413501,"Cronobacter muytjensii"
28141,"Cronobacter sakazakii"
1118202,"Cruoricaptor ignavus"
84163,"Cryptobacterium curtum"
80871,"Cryptosporangium arvum"
119219,"Cupriavidus metallidurans"
106590,"Cupriavidus necator"
248026,"Cupriavidus pinatubonensis"
164546,"Cupriavidus taiwanensis"
395387,"Curtobacterium ammoniigenes"
69373,"Curtobacterium pusillum"
86182,"Curvibacter lanceolatus"
115748,"Cyanobium sp. PCC 9005"
385025,"Cycloclasticus sp. P1"
990,"Cytophaga xylanolytica"
471499,"Dasania marina"
259537,"Dechloromonas aromatica"
281362,"Dechloromonas denitrificans"
1131462,"Dehalobacter sp. CF"
1147129,"Dehalobacter sp. DCA"
61435,"Dehalococcoides mccartyi"
552810,"Dehalogenimonas lykanthroporepellens"
68909,"Deinococcus geothermalis"
502394,"Deinococcus gobiensis"
1299,"Deinococcus radiodurans"
795097,"Deinococcus sp. MBIC3950"
80866,"Delftia acidovorans"
742013,"Delftia sp. Cs1-4"
882162,"Delftia sp. IHB B 4037"
180282,"Delftia tsuruhatensis"
146817,"Dendrosporobacter quercicolus"
214852,"Denitrobacterium sp. CCUG 45665"
36740,"Dermabacter hominis"
1203568,"Dermabacter sp. HFH0086"
203699,"Derxia gummosa"
82801,"Desemzia incerta"
90728,"Desulfatiglans anilini"
36854,"Desulfitobacterium dehalogenans"
233055,"Desulfitobacterium dichloroeliminans"
49338,"Desulfitobacterium hafniense"
60893,"Desulfobacca acetoxidans"
894,"Desulfobulbus propionicus"
899,"Desulfomicrobium baculatum"
52561,"Desulfomicrobium norvegicum"
2358,"Desulfomonile tiedjei"
66849,"Desulfonatronum lacustre"
564288,"Desulfonauticus autotrophicus"
83661,"Desulfonispora thiosulfatigenes"
90730,"Desulfosarcina cetonica"
885581,"Desulfosporosinus acidiphilus"
79209,"Desulfosporosinus meridiei"
1563,"Desulfosporosinus orientis"
58138,"Desulfotomaculum acetoxidans"
102134,"Desulfotomaculum gibsoniae"
58134,"Desulfotomaculum guttoideum"
58135,"Desulfotomaculum kuznetsovii"
59610,"Desulfotomaculum reducens"
1564,"Desulfotomaculum ruminis"
58137,"Desulfotomaculum thermosapovorans"
58180,"Desulfovibrio alaskensis"
876,"Desulfovibrio desulfuricans"
44742,"Desulfovibrio fairfieldensis"
879,"Desulfovibrio gigas"
32016,"Desulfovibrio oxamicus"
901,"Desulfovibrio piger"
54565,"Desulfovibrio simplex"
593401,"Desulfovibrio sp. VKM B-2200"
881,"Desulfovibrio vulgaris"
57664,"Desulfuromonas thiophila"
288995,"Devosia limi"
46914,"Devosia riboflavina"
470028,"Devosia yakushimensis"
218538,"Dialister invisus"
309120,"Dialister micraerophilus"
39950,"Dialister pneumosintes"
308994,"Dialister propionicifaciens"
487173,"Dialister succinatiphilus"
204038,"Dickeya dadantii"
37915,"Dietzia maris"
29394,"Dolosigranulum pigrum"
39486,"Dorea formicigenerans"
88431,"Dorea longicatena"
1168034,"Draconibacterium orientale"
365489,"Dyadobacter beijingensis"
94254,"Dyadobacter fermentans"
408657,"Dyadobacter koreensis"
45254,"Dysgonomonas capnocytophagoides"
156974,"Dysgonomonas gadei"
1346286,"Dysgonomonas macrotermitis"
163665,"Dysgonomonas mossii"
390884,"Echinicola vietnamensis"
1263550,"Edwardsiella piscicida"
84112,"Eggerthella lenta"
665943,"Eggerthella sp. 1_3_56FAA"
502558,"Eggerthella sp. YY7918"
31973,"Eggerthia catenaformis"
539,"Eikenella corrodens"
238,"Elizabethkingia meningoseptica"
423605,"Elusimicrobium minutum"
247,"Empedobacter brevis"
305900,"Endozoicomonas elysicola"
1027273,"Endozoicomonas montiporae"
1137799,"Endozoicomonas numazuensis"
225324,"Enhydrobacter aerosaccus"
215803,"Enhygromyxa salina"
1118060,"Enorma massiliensis phI"
1164945,"Enteractinococcus sp. YIM 100602"
548,"Enterobacter aerogenes"
61645,"Enterobacter asburiae"
69218,"Enterobacter cancerogenus"
550,"Enterobacter cloacae"
158836,"Enterobacter hormaechei"
539813,"Enterobacter mori"
1329817,"Enterobacter sp. MGH 8"
469613,"Enterobacteriaceae bacterium 9_2_54FAA"
693444,"Enterobacteriaceae bacterium strain FGI 57"
57732,"Enterococcus asini"
33945,"Enterococcus avium"
37734,"Enterococcus casseliflavus"
44008,"Enterococcus cecorum"
1355,"Enterococcus columbae"
44009,"Enterococcus dispar"
53345,"Enterococcus durans"
1351,"Enterococcus faecalis"
1352,"Enterococcus faecium"
1353,"Enterococcus gallinarum"
160453,"Enterococcus gilvus"
1354,"Enterococcus hirae"
246144,"Enterococcus italicus"
71451,"Enterococcus malodoratus"
155617,"Enterococcus moraviensis"
53346,"Enterococcus mundtii"
71452,"Enterococcus raffinosus"
1356,"Enterococcus sulfureus"
671266,"Enterorhabdus caecimuris"
294935,"Enterovibrio coralii"
421072,"Epilithonimonas lactis"
191577,"Epilithonimonas tenax"
88132,"Eremococcus coleocola"
79967,"Erwinia pyrifoliae"
215689,"Erwinia sp. Ejp617"
1547,"Erysipelatoclostridium ramosum"
1648,"Erysipelothrix rhusiopathiae"
457422,"Erysipelotrichaceae bacterium 2_2_44A"
658657,"Erysipelotrichaceae bacterium 21_3"
658659,"Erysipelotrichaceae bacterium 3_1_53"
552396,"Erysipelotrichaceae bacterium 5_2_54FAA"
469614,"Erysipelotrichaceae bacterium 6_1_45"
208962,"Escherichia albertii"
562,"Escherichia coli"
564,"Escherichia fergusonii"
565,"Escherichia hermannii"
253239,"Ethanoligenens harbinense"
1731,"Eubacterium acidaminophilum"
39480,"Eubacterium angustum"
1528,"Eubacterium barkeri"
35517,"Eubacterium brachy"
53442,"Eubacterium callanderi"
39482,"Eubacterium contortum"
39484,"Eubacterium desmolans"
31971,"Eubacterium dolichum"
39485,"Eubacterium eligens"
290055,"Eubacterium fissicatena"
39488,"Eubacterium hallii"
56774,"Eubacterium infirmum"
1736,"Eubacterium limosum"
1732,"Eubacterium oxidoreducens"
97253,"Eubacterium plexicaudatum"
39490,"Eubacterium ramulus"
39491,"Eubacterium rectale"
51123,"Eubacterium saphenum"
39492,"Eubacterium siraeum"
457402,"Eubacterium sp. 3_1_31"
1827101,"Eubacterium sp. JCM 9976"
143393,"Eubacterium sulci"
1737,"Eubacterium tenue"
39494,"Eubacterium tortuosum"
39496,"Eubacterium ventriosum"
39497,"Eubacterium xylanophilum"
39498,"Eubacterium yurii"
360911,"Exiguobacterium sp. AT1b"
1113786,"Exiguobacterium sp. NBRC 101652"
178214,"Facklamia hominis"
137730,"Facklamia ignava"
82347,"Facklamia languida"
87650,"Facklamia sourekii"
853,"Faecalibacterium prausnitzii"
1755626,"Faecalibacterium sp. MC_41"
1323,"Faecalicoccus pleomorphus"
39483,"Faecalitalea cylindroides"
236753,"Fastidiosipila sanguinis"
121039,"Ferrimicrobium acidiphilum"
209649,"Ferrithrix thermotolerans"
97393,"Ferroplasma acidarmanus"
28122,"Fibrobacter intestinalis"
833,"Fibrobacter succinogenes"
143361,"Filifactor alocis"
29374,"Filifactor villosus"
1260,"Finegoldia magna"
29528,"Flammeovirga aprica"
1442385,"Flavihumibacter cheonanensis"
1202724,"Flavobacterium akiainvivens"
271155,"Flavobacterium antarcticum"
245,"Flavobacterium aquatile"
362413,"Flavobacterium aquidurense"
55197,"Flavobacterium branchiophilum"
490189,"Flavobacterium caeni"
946677,"Flavobacterium chilense"
554283,"Flavobacterium chungangense"
996,"Flavobacterium columnare"
416016,"Flavobacterium cucumis"
370979,"Flavobacterium defluvii"
370974,"Flavobacterium filum"
468056,"Flavobacterium fluvii"
1124188,"Flavobacterium fontis"
99286,"Flavobacterium frigidarium"
229204,"Flavobacterium frigoris"
206041,"Flavobacterium gelidilacus"
551990,"Flavobacterium glycines"
991,"Flavobacterium hydatis"
986,"Flavobacterium johnsoniae"
180441,"Flavobacterium limicola"
1520671,"Flavobacterium maris"
29533,"Flavobacterium pectinovorum"
96345,"Flavobacterium psychrophilum"
344881,"Flavobacterium soli"
1337839,"Flavobacterium sp. DSM 425"
1611423,"Flavobacterium sp. DSM 9626"
415425,"Flavobacterium terrae"
178356,"Flavobacterium xinjiangense"
292800,"Flavonifractor plautii"
103,"Flectobacillus major"
998,"Flexibacter flexilis"
999,"Flexibacter litoralis"
191579,"Fluviicola taffensis"
1121830,"Fodinicurvata fenggangensis"
28110,"Francisella philomiragia"
1859,"Frankia alni"
298653,"Frankia sp. EAN1pec"
81475,"Frateuria aurantia"
651822,"Fretibacterium fastidiosum"
157463,"Fructobacillus ficulneus"
220714,"Fructobacillus pseudoficulneus"
396812,"Fulvivirga kasyanovii"
134605,"Fusobacterium equinum"
849,"Fusobacterium gonidiaformans"
850,"Fusobacterium mortiferum"
858,"Fusobacterium necrogenes"
859,"Fusobacterium necrophorum"
851,"Fusobacterium nucleatum"
852,"Fusobacterium perfoetens"
860,"Fusobacterium periodonticum"
861,"Fusobacterium ulcerans"
856,"Fusobacterium varium"
2702,"Gardnerella vaginalis"
102127,"Geitlerinema sp. PCC 7105"
1173025,"Geitlerinema sp. PCC 7407"
150240,"Gemella cuniculi"
1379,"Gemella haemolysans"
29391,"Gemella morbillorum"
84135,"Gemella sanguinis"
404900,"Geminicoccus roseus"
669359,"Geminocystis herdmanii"
114,"Gemmata obscuriglobus"
173480,"Gemmatimonas aurantiaca"
745368,"Gemmiger formicilis"
1462,"Geobacillus kaustophilus"
471223,"Geobacillus sp. WCH70"
581103,"Geobacillus sp. Y4.1MC1"
1422,"Geobacillus stearothermophilus"
33940,"Geobacillus thermodenitrificans"
153151,"Geobacillus toebii"
1203471,"Geobacter daltonii"
28232,"Geobacter metallireducens"
46610,"Geobacter sp."
1277350,"Geobacter sp. DSM 9736"
443143,"Geobacter sp. M18"
35554,"Geobacter sulfurreducens"
115783,"Geobacter thiogenes"
351604,"Geobacter uraniireducens"
1070870,"Geodermatophilus nigrescens"
1861,"Geodermatophilus obscurus"
472113,"Geofilum rubicundum"
225196,"Geopsychrobacter electrodiphilus"
44676,"Geothrix fermentans"
379071,"Gilvibacter sediminis"
122,"Gimesia maris"
13076,"Globicatella sanguinis"
136093,"Globicatella sulfidifaciens"
1416614,"Gloeobacter kilaueensis"
33072,"Gloeobacter violaceus"
102232,"Gloeocapsa sp. PCC 73106"
33996,"Gluconacetobacter diazotrophicus"
318683,"Gluconobacter albidus"
442,"Gluconobacter oxydans"
1113584,"Gluconobacter sp. NBRC 3259"
37930,"Glutamicibacter protophormiae"
410332,"Gordonia malaquae"
337191,"Gordonia sp. KTR9"
2055,"Gordonia terrae"
471189,"Gordonibacter pamelaeae"
1556,"Gottschalkia acidurici"
307521,"Gracilibacillus boraciitolerans"
454600,"Gracilimonas tropica"
309411,"Gram-negative bacterium CCBAU 25211"
411153,"Gramella forsetii"
46124,"Granulicatella adiacens"
137732,"Granulicatella elegans"
940615,"Granulicella tundricola"
444608,"Gryllotalpicola ginsengisoli"
366616,"Haematobacter missouriensis"
726,"Haemophilus haemolyticus"
727,"Haemophilus influenzae"
735,"Haemophilus parahaemolyticus"
729,"Haemophilus parainfluenzae"
736,"Haemophilus paraphrohaemolyticus"
738,"Haemophilus parasuis"
249188,"Haemophilus pittmaniae"
1078480,"Haemophilus sputorum"
569,"Hafnia alvei"
158327,"Hahella chejuensis"
80816,"Haliangium ochraceum"
2350,"Haliscomenobacter hydrossis"
52229,"Hallella seregens"
1570,"Halobacillus halophilus"
97084,"Halobacteriovorax marinus"
660517,"Halobellus clavatus"
306540,"Halolactibacillus halophilus"
447567,"Halomonas andesensis"
77097,"Halomonas aquamarina"
223527,"Halomonas boliviensis"
74661,"Halomonas campisalis"
44933,"Halomonas cupida"
28252,"Halomonas halodenitrificans"
29573,"Halomonas halophila"
119000,"Halomonas muralis"
77098,"Halomonas pacifica"
1329370,"Halomonas qiaohouensis"
42565,"Halomonas salina"
379597,"Halomonas sinaiensis"
1707394,"Halomonas sp. JCM 11460"
91458,"Halomonas sp. MBIC2031"
1113696,"Halomonas sp. NBRC 100990"
1113908,"Halomonas sp. NBRC 102403"
579160,"Halomonas sp. YIM 90512"
202267,"Halomonas sp. YIM-kkny11"
44935,"Halomonas venusta"
1198324,"Halopelagius fulvigenes"
31909,"Halothermothrix orenii"
210998,"Hapalosiphon sp. IAM M-264"
1498,"Hathewaya histolytica"
40091,"Helcococcus kunzii"
72026,"Helcococcus ovis"
241555,"Helcococcus sueciensis"
37372,"Helicobacter bilis"
56877,"Helicobacter bizzozeronii"
123841,"Helicobacter canadensis"
29419,"Helicobacter canis"
213,"Helicobacter cinaedi"
361872,"Helicobacter equorum"
214,"Helicobacter felis"
215,"Helicobacter fennelliae"
32025,"Helicobacter hepaticus"
216,"Helicobacter muridarum"
217,"Helicobacter mustelae"
95149,"Helicobacter pametensis"
35818,"Helicobacter pullorum"
210,"Helicobacter pylori"
279277,"Helicobacter sp. 'B10B Seymour'"
211,"Helicobacter sp. CLO-3"
50960,"Helicobacter trogontum"
157268,"Helicobacter winghamensis"
35701,"Heliobacterium modesticaldum"
35700,"Heliophilum fasciatum"
211589,"Herbaspirillum chlorophenolicum"
863372,"Herbaspirillum huttiense"
964,"Herbaspirillum seropedicae"
204773,"Herminiimonas arsenicoxydans"
70996,"Herpetosiphon geysericola"
180311,"Hespellia stercorisuis"
2724,"Hirschia baltica"
1121961,"Hirschia maritima"
731,"Histophilus somni"
1735,"Holdemanella biformis"
61171,"Holdemania filiformis"
1211819,"Holdemania massiliensis AP2"
35839,"Holophaga foetida"
154046,"Hungatella hathewayi"
243629,"Hydrocarboniphaga effusa"
65657,"Hydrogenophaga flava"
65655,"Hydrogenophaga palleronii"
85993,"Hydrogenophilus hirschii"
714549,"Hydrotalea flava"
80880,"Hylemonella gracilis"
334424,"Hymenobacter rigui"
53398,"Hyphomicrobium aestuarii"
1427356,"Hyphomicrobium nitrativorans"
717785,"Hyphomicrobium sp. MC1"
83,"Hyphomicrobium vulgare"
81032,"Hyphomonas neptunium"
74319,"Hyphomonas polymorpha"
467976,"Iamia majanohamensis"
1381080,"Idiomarina woesei"
112009,"Ignatzschineria larvae"
591197,"Ignavibacterium album"
89093,"Ignavigranum ruoffiae"
467094,"Ilumatobacter coccineus"
933068,"Ilyobacter delafieldii"
167642,"Ilyobacter polytropus"
392593,"Inhella inkyongensis"
171674,"Inquilinus limosus"
80876,"Insolitispirillum peregrinum"
261299,"Intestinibacter bartlettii"
128,"Isosphaera pallida"
319054,"Janibacter anophelis"
53458,"Janibacter limosus"
290400,"Jannaschia sp. CCS1"
55508,"Janthinobacterium agaricidamnosum"
29581,"Janthinobacterium lividum"
1206085,"Jatrophihabitans endophyticus"
504487,"Jejuia pallidilutea"
110845,"Jeotgalicoccus pinnipedialis"
157228,"Jeotgalicoccus psychrophilus"
43995,"Johnsonella ignava"
428712,"Jonquetella anthropi"
331992,"Kamptonema formosum"
1630,"Kandleria vitulina"
92945,"Ketogulonicigenium vulgare"
84634,"Kineosporia rhamnosa"
1134687,"Klebsiella michiganensis"
571,"Klebsiella oxytoca"
573,"Klebsiella pneumoniae"
749535,"Klebsiella sp. MS 92-3"
244366,"Klebsiella variicola"
73098,"Kluyvera georgiana"
37923,"Kocuria kristinae"
71999,"Kocuria palustris"
72000,"Kocuria rhizophila"
1272,"Kocuria varians"
694315,"Kofleria flava"
1288125,"Kofleria sp. DSM 53797"
436,"Komagataeibacter hansenii"
1177712,"Komagataeibacter medellinensis"
343332,"Kopriimonas byunsanensis"
221066,"Kordia algicida"
547058,"Kribbella sp. NBRC 104208"
363277,"Ktedonobacter racemifer"
33946,"Kurthia gibsonii"
1391654,"Labilithrix luteola"
217067,"Labrys monachus"
37482,"Laceyella sacchari"
1211639,"Laceyella sp. CCTCC AB 2012157"
1644115,"Laceyella sp. YIM 79486"
467210,"Lachnoanaerobaculum saburreum"
936594,"Lachnoanaerobaculum sp. ICM7"
140626,"Lachnobacterium bovis"
66219,"Lachnoclostridium phytofermentans"
658081,"Lachnospiraceae bacterium 1_1_57FAA"
658655,"Lachnospiraceae bacterium 1_4_56FAA"
742723,"Lachnospiraceae bacterium 2_1_46FAA"
658082,"Lachnospiraceae bacterium 2_1_58FAA"
665950,"Lachnospiraceae bacterium 3_1_46FAA"
658086,"Lachnospiraceae bacterium 3_1_57FAA_CT1"
552395,"Lachnospiraceae bacterium 4_1_37FAA"
658085,"Lachnospiraceae bacterium 5_1_57FAA"
658089,"Lachnospiraceae bacterium 5_1_63FAA"
658083,"Lachnospiraceae bacterium 6_1_63FAA"
658087,"Lachnospiraceae bacterium 7_1_58FAA"
665951,"Lachnospiraceae bacterium 8_1_57FAA"
658088,"Lachnospiraceae bacterium 9_1_43BFAA"
1600,"Lactobacillus acetotolerans"
89059,"Lactobacillus acidipiscis"
1579,"Lactobacillus acidophilus"
1601,"Lactobacillus agilis"
105612,"Lactobacillus algidus"
1602,"Lactobacillus alimentarius"
83683,"Lactobacillus amylolyticus"
1603,"Lactobacillus amylophilus"
1604,"Lactobacillus amylovorus"
1605,"Lactobacillus animalis"
227943,"Lactobacillus antri"
307126,"Lactobacillus apodemi"
1606,"Lactobacillus aviarius"
375175,"Lactobacillus backii"
1505723,"Lactobacillus bombicola"
943673,"Lactobacillus brantae"
1580,"Lactobacillus brevis"
1581,"Lactobacillus buchneri"
483012,"Lactobacillus cacaonum"
381742,"Lactobacillus camelliae"
480931,"Lactobacillus capillatus"
1582,"Lactobacillus casei"
181675,"Lactobacillus coleohominis"
287844,"Lactobacillus concavus"
1610,"Lactobacillus coryniformis"
47770,"Lactobacillus crispatus"
1138822,"Lactobacillus curieae"
28038,"Lactobacillus curvatus"
1584,"Lactobacillus delbrueckii"
51664,"Lactobacillus dextrinicus"
179838,"Lactobacillus diolivorans"
137357,"Lactobacillus equi"
417373,"Lactobacillus equigenerosi"
483011,"Lactobacillus fabifermentans"
386879,"Lactobacillus faeni"
1612,"Lactobacillus farciminis"
390841,"Lactobacillus farraginis"
1613,"Lactobacillus fermentum"
679249,"Lactobacillus floricola"
1614,"Lactobacillus fructivorans"
104955,"Lactobacillus frumenti"
164393,"Lactobacillus fuchuensis"
1462575,"Lactobacillus furfuricola"
52242,"Lactobacillus gallinarum"
1596,"Lactobacillus gasseri"
227942,"Lactobacillus gastricus"
399370,"Lactobacillus ghanensis"
60519,"Lactobacillus graminis"
267633,"Lactobacillus hammesii"
304207,"Lactobacillus harbinensis"
1587,"Lactobacillus helveticus"
1588,"Lactobacillus hilgardii"
1203033,"Lactobacillus hominis"
33961,"Lactobacillus homohiochii"
468911,"Lactobacillus hordei"
147802,"Lactobacillus iners"
148604,"Lactobacillus ingluviei"
151781,"Lactobacillus intestinalis"
109790,"Lactobacillus jensenii"
33959,"Lactobacillus johnsonii"
267818,"Lactobacillus kefiranofaciens"
481722,"Lactobacillus kisonensis"
237446,"Lactobacillus kitasatonis"
637971,"Lactobacillus koreensis"
148814,"Lactobacillus kunkeei"
53444,"Lactobacillus lindneri"
1618,"Lactobacillus mali"
88233,"Lactobacillus manihotivorans"
97478,"Lactobacillus mucosae"
1622,"Lactobacillus murinus"
305793,"Lactobacillus nantensis"
480930,"Lactobacillus odoratitofui"
303241,"Lactobacillus oeni"
1632,"Lactobacillus oris"
481720,"Lactobacillus otakiensis"
866801,"Lactobacillus ozensis"
47493,"Lactobacillus panis"
171523,"Lactobacillus pantheris"
152331,"Lactobacillus parabuchneri"
1597,"Lactobacillus paracasei"
240427,"Lactobacillus paracollinoides"
390842,"Lactobacillus parafarraginis"
83526,"Lactobacillus paralimentarius"
872327,"Lactobacillus pasteurii"
1589,"Lactobacillus pentosus"
1590,"Lactobacillus plantarum"
449659,"Lactobacillus pobuzihii"
35787,"Lactobacillus pontis"
1598,"Lactobacillus reuteri"
47715,"Lactobacillus rhamnosus"
1623,"Lactobacillus ruminis"
228229,"Lactobacillus saerimneri"
1599,"Lactobacillus sakei"
1624,"Lactobacillus salivarius"
1625,"Lactobacillus sanfranciscensis"
931533,"Lactobacillus saniviri"
259059,"Lactobacillus satsumensis"
396268,"Lactobacillus secaliphilus"
81857,"Lactobacillus selangorensis"
931534,"Lactobacillus senioris"
1593,"Lactobacillus sp. 30A"
1465514,"Lactobacillus sp. JCM 7751"
1465521,"Lactobacillus sp. JCM 8672"
520080,"Lactobacillus sp. KLDS 1.0713"
520083,"Lactobacillus sp. KLDS 1.0716"
520085,"Lactobacillus sp. KLDS 1.0718"
1113997,"Lactobacillus sp. NBRC 107174"
1114022,"Lactobacillus sp. NBRC 107199"
1114031,"Lactobacillus sp. NBRC 107208"
1114117,"Lactobacillus sp. NBRC 107298"
1113625,"Lactobacillus sp. NBRC 14512"
216463,"Lactobacillus spicheri"
152335,"Lactobacillus suebicus"
508451,"Lactobacillus taiwanensis"
381741,"Lactobacillus thailandensis"
227945,"Lactobacillus ultunensis"
1633,"Lactobacillus vaginalis"
194326,"Lactobacillus versmoldensis"
57037,"Lactobacillus zeae"
1363,"Lactococcus garvieae"
1358,"Lactococcus lactis"
1494461,"Lactococcus laudensis"
1364,"Lactococcus piscium"
1365,"Lactococcus plantarum"
1366,"Lactococcus raffinolactis"
1665536,"Lactococcus sp. LMG 28767"
1113946,"Lactococcus sp. NBRC 106007"
1113973,"Lactococcus sp. NBRC 106034"
341220,"Lactonifactor longoviformis"
168471,"Laribacter hongkongensis"
683041,"Larkinella bovis"
47671,"Lautropia mirabilis"
29546,"Lawsonia intracellularis"
45064,"Legionella fairfieldensis"
449,"Legionella hackeliae"
45067,"Legionella lansingensis"
450,"Legionella longbeachae"
446,"Legionella pneumophila"
45076,"Legionella worsleiensis"
256847,"Lentisphaera araneosa"
1173264,"Leptolyngbya sp. PCC 6406"
29506,"Leptospira inadai"
34029,"Leptothrix cholodnii"
40542,"Leptotrichia buccalis"
157692,"Leptotrichia goodfellowii"
157688,"Leptotrichia hofstadii"
157691,"Leptotrichia shahii"
157687,"Leptotrichia wadei"
272210,"Leucobacter albus"
283878,"Leucobacter aridicollis"
491918,"Leucobacter chironomi"
1079994,"Leucobacter chromiiresistens"
55969,"Leucobacter komagatae"
1252,"Leuconostoc carnosum"
33964,"Leuconostoc citreum"
1251,"Leuconostoc fallax"
1244,"Leuconostoc gelidum"
1246,"Leuconostoc lactis"
1245,"Leuconostoc mesenteroides"
70995,"Lewinella cohaerens"
70997,"Lewinella nigricans"
1639,"Listeria monocytogenes"
88874,"Luteococcus peritonei"
1086703,"Luteolibacter luojiensis"
309788,"Lysinibacillus boronitolerans"
1293441,"Lysinibacillus contaminans"
28031,"Lysinibacillus fusiformis"
33935,"Lysinibacillus macroides"
202611,"Lysinibacillus odysseyi"
1844653,"Lysinibacillus sp. VKM B-713"
1844654,"Lysinibacillus sp. VKM B-751"
1421,"Lysinibacillus sphaericus"
582475,"Lysinibacillus xylanilyticus"
1638982,"Lysinimicrobium aestuarii"
84531,"Lysobacter antibioticus"
346182,"Lysobacter yangpyeongensis"
69966,"Macrococcus caseolyticus"
884684,"Mageeibacillus indolicus"
1124597,"Magnetococcus marinus"
55518,"Magnetospirillum gryphiswaldense"
84159,"Magnetospirillum magneticum"
252966,"Mahella australiensis"
75985,"Mannheimia haemolytica"
157673,"Mannheimia succiniciproducens"
429344,"Maribacter polysiphoniae"
99379,"marine bacillus NRRLB-14911"
247637,"marine gamma proteobacterium HTCC2246"
570161,"Marinifilum fragile"
191770,"Marinilactibacillus psychrotolerans"
236100,"Marinobacter algicola"
2743,"Marinobacter hydrocarbonoclasticus"
135739,"Marinobacter lutaoensis"
1113802,"Marinobacter sp. NBRC 101709"
48076,"Marinobacterium georgiense"
293552,"Marinomonas polaris"
936476,"Marinomonas posidonica"
400668,"Marinomonas sp. MWYL1"
1028,"Marivirga sericea"
1006,"Marivirga tractuosa"
397278,"Marmoricola aequoreus"
168384,"Marvinbryantia formatexigens"
453817,"Massilia aerilata"
437897,"Megamonas funiformis"
158847,"Megamonas hypermegale"
491921,"Megamonas rupellensis"
217219,"Meganema perideroedes"
39029,"Megasphaera cerevisiae"
907,"Megasphaera elsdenii"
187326,"Megasphaera micronuciformis"
1111454,"Megasphaera sp. BV3C16-1"
52022,"Meiothermus silvanus"
1134405,"Melioribacter roseus"
33970,"Melissococcus plutonius"
216874,"Mesoplasma corruscae"
2151,"Mesoplasma florum"
28224,"Mesoplasma seiffertii"
335020,"Mesorhizobium albiziae"
71433,"Mesorhizobium amorphae"
39645,"Mesorhizobium ciceri"
28104,"Mesorhizobium huakuii"
381,"Mesorhizobium loti"
489722,"Mesorhizobium metallidurans"
593909,"Mesorhizobium opportunistum"
69974,"Mesorhizobium plurifarium"
1113632,"Mesorhizobium sp. NBRC 14996"
392018,"Methanobacterium alcaliphilum"
39441,"Methanobrevibacter arboriphilus"
294671,"Methanobrevibacter olleyae"
66851,"Methanobrevibacter oralis"
83816,"Methanobrevibacter ruminantium"
2173,"Methanobrevibacter smithii"
644281,"Methanocaldococcus sp. FS406-22"
83986,"Methanoculleus bourgensis"
420950,"Methanolobus psychrophilus"
1080712,"Methanomassiliicoccus luminyensis"
1077256,"Methanosphaera cuniculi"
2317,"Methanosphaera stadtmanae"
475088,"Methanosphaerula palustris"
2189,"Methanotorris igneus"
511746,"Methylacidiphilum infernorum"
72022,"Methylarcula marina"
105560,"Methylibium petroleiphilum"
405,"Methylobacillus flagellatus"
406,"Methylobacillus glycogenes"
415,"Methylobacter luteus"
270351,"Methylobacterium aquaticum"
408,"Methylobacterium extorquens"
315478,"Methylobacterium isbiliense"
427683,"Methylobacterium platani"
31998,"Methylobacterium radiotolerans"
426117,"Methylobacterium sp. 4-46"
118999,"Methylobacterium sp. LMG 19419"
89768,"Methylobacterium sp. MBIC4305"
298794,"Methylobacterium variabile"
414,"Methylococcus capsulatus"
187303,"Methylocystis sp. SC2"
1177755,"Methyloligella halotolerans"
271065,"Methylomicrobium alcaliphilum"
702114,"Methylomonas koyamae"
421,"Methylomonas methanica"
754476,"Methylophaga nitratireducenticrescens"
45393,"Methylophilus leisingeri"
17,"Methylophilus methylotrophus"
349221,"Micavibrio aeruginosavorus"
33883,"Microbacterium arborescens"
36805,"Microbacterium aurum"
104336,"Microbacterium foliorum"
199592,"Microbacterium paraoxydans"
1746950,"Microbacterium sp. HBUM179443"
1336204,"Microbacterium sp. YIM 100951"
1270,"Micrococcus luteus"
1747005,"Micrococcus sp. HBUM178886"
574650,"Micrococcus terreus"
405557,"Micrococcus xinjiangensis"
1126,"Microcystis aeruginosa"
630515,"Microlunatus soli"
39595,"Microlunatus sp."
47863,"Micromonospora globosa"
1027,"Microscilla marina"
670292,"Microvirga aerilata"
670291,"Microvirga aerophila"
217168,"Microvirga flocculans"
57480,"Microvirgula aerodenitrificans"
264148,"Millisia brevis"
52226,"Mitsuokella multacida"
2051,"Mobiluncus curtisii"
2052,"Mobiluncus mulieris"
477641,"Modestobacter marinus"
158849,"Moellerella wisconsensis"
114527,"Mogibacterium diversum"
114528,"Mogibacterium neglectum"
86332,"Mogibacterium pumilum"
936375,"Mogibacterium sp. CM50"
35519,"Mogibacterium timidum"
86333,"Mogibacterium vescum"
202604,"Moorella mulderi"
1525,"Moorella thermoacetica"
34059,"Moraxella atlantae"
346665,"Moraxella boevrei"
480,"Moraxella catarrhalis"
34061,"Moraxella cuniculi"
60442,"Moraxella equi"
90241,"Moraxella lincolnii"
34062,"Moraxella osloensis"
582,"Morganella morganii"
90736,"Moritella marina"
452286,"Mucilaginibacter kameinonensis"
994622,"Mucilaginibacter sp. KOPRI 25889"
111501,"Muricauda ruestringensis"
76636,"Mycetocola saprophilus"
1764,"Mycobacterium avium"
78331,"Mycobacterium canettii"
37916,"Mycobacterium chlorophenolicum"
1767,"Mycobacterium intracellulare"
53462,"Mycobacterium mageritense"
1795,"Mycobacterium neoaurum"
431269,"Mycobacterium setense"
164757,"Mycobacterium sp. JLS"
1273686,"Mycobacterium sp. VKM Ac-1816D"
547163,"Mycobacterium vulneris"
36741,"Mycoplasma feliminutum"
2115,"Mycoplasma fermentans"
2128,"Mycoplasma flocculare"
136241,"Mycoplasma haemocanis"
29501,"Mycoplasma haemofelis"
2098,"Mycoplasma hominis"
2100,"Mycoplasma hyorhinis"
2121,"Mycoplasma orale"
28227,"Mycoplasma penetrans"
2123,"Mycoplasma putrefaciens"
171291,"Mycoplasma verecundum"
51365,"Mycoplasma yeatsii"
256,"Myroides odoratus"
53461,"Nakamurella multipartita"
1869182,"Nakamurella sp."
889268,"Nannocystis pusilla"
375929,"Natranaerobius thermophilus"
595693,"Naxibacter sp. BUZ1"
326522,"Neisseria animaloris"
267212,"Neisseria bacilliformis"
493,"Neisseria canis"
483,"Neisseria cinerea"
484,"Neisseria flavescens"
485,"Neisseria gonorrhoeae"
486,"Neisseria lactamica"
496,"Neisseria macacae"
487,"Neisseria meningitidis"
488,"Neisseria mucosa"
29434,"Neisseria pharyngis"
490,"Neisseria sicca"
28449,"Neisseria subflava"
28091,"Neisseria weaveri"
1236906,"Neptunomonas sp. BPy-1"
37922,"Nesterenkonia halobia"
302044,"Nesterenkonia halophila"
225325,"Nesterenkonia halotolerans"
417220,"Nesterenkonia sp. YIM 90719"
417221,"Nesterenkonia sp. YIM 90720"
417223,"Nesterenkonia sp. YIM 90725"
225327,"Nesterenkonia xinjiangensis"
64002,"Nevskia ramosa"
522298,"Niabella ginsengisoli"
354356,"Niastella koreensis"
550983,"Niastella populi"
390877,"Nisaea denitrificans"
269261,"Nitratifractor salsuginis"
204799,"Nitratireductor aquibiodomus"
261292,"Nitrosomonas sp. Is79A3"
330214,"Nitrospira defluvii"
28077,"Nitrospirillum amazonense"
1824,"Nocardia asteroides"
184756,"Nocardia caishijiensis"
135487,"Nocardia cyriacigeorgica"
300029,"Nocardia elegans"
134984,"Nocardia fluminea"
236511,"Nocardia neocaledoniensis"
37330,"Nocardia nova"
1823,"Nocardia otitidiscaviarum"
45979,"Nocardia pseudobrasiliensis"
589391,"Nocardia sp. CPCC202701"
464168,"Nocardia sp. HBUM 79084"
1463824,"Nocardia sp. NRRL WC-3656"
419477,"Nocardia speluncae"
96468,"Nocardia vinacea"
238964,"Nocardia xishanensis"
433660,"Nocardioides halotolerans"
1817596,"Nocardioides intraradicalis"
1843,"Nocardioides jensenii"
1747013,"Nocardioides sp. HBUM178932"
196162,"Nocardioides sp. JS614"
171690,"Nocardioides sp. LMG 20237"
220378,"Nocardiopsis aegyptia"
53437,"Nocardiopsis alba"
53440,"Nocardiopsis listeri"
1519494,"Nocardiopsis sp. NRRL B-16309"
239974,"Nocardiopsis valliformis"
416001,"Nodosilinea nodulosa"
331648,"Nonlabens spongiae"
1032476,"Nonomuraea soli"
137662,"Nonomuraea terrinata"
103690,"Nostoc sp. PCC 7120"
1750713,"Noviherbaspirillum sp. YIM S61"
189,"Novispirillum itersonii"
48935,"Novosphingobium aromaticivorans"
13688,"Novosphingobium capsulatum"
273168,"Novosphingobium naphthalenivorans"
158500,"Novosphingobium resinovorum"
76978,"Novosphingobium rosa"
48936,"Novosphingobium subterraneum"
381706,"Oceanobacillus chironomi"
182710,"Oceanobacillus iheyensis"
582851,"Oceanobacillus sojae"
529,"Ochrobactrum anthropi"
94625,"Ochrobactrum intermedium"
425341,"Ochrobactrum sp. CCBAU 10752"
1113602,"Ochrobactrum sp. NBRC 12952"
1113622,"Ochrobactrum sp. NBRC 14130"
571255,"Ochrobactrum thiophenivorans"
626933,"Odoribacter laneus"
28118,"Odoribacter splanchnicus"
1247,"Oenococcus oeni"
93680,"Oerskovia sp. CIP101491"
688867,"Ohtaekwangia koreensis"
90245,"Oligella urethralis"
138595,"Olsenella profusa"
133926,"Olsenella uli"
604330,"Olsenella umbonata"
100379,"Onion yellows phytoplasma"
107709,"Opitutus terrae"
46469,"Orenia marismortui"
796943,"Oribacterium parvum ACB1"
237576,"Oribacterium sinus"
652706,"Oribacterium sp. oral taxon 078"
1288636,"Ornithinimicrobium sp. CPCC 203535"
28251,"Ornithobacterium rhinotracheale"
482564,"Oscillatoria nigro-viridis"
272129,"Oscillatoria sp. PCC 6506"
1226322,"Oscillibacter sp. KLE 1728"
1226323,"Oscillibacter sp. KLE 1745"
351091,"Oscillibacter valericigenes"
253245,"Owenweeksia hongkongensis"
847,"Oxalobacter formigenes"
36848,"Oxalophagus oxalicus"
171404,"Paenibacillus agaridevorans"
44250,"Paenibacillus alvei"
170367,"Paenibacillus anaericanus"
46240,"Paenibacillus apiarius"
1126833,"Paenibacillus beijingensis"
160799,"Paenibacillus borealis"
446369,"Paenibacillus glebae"
59843,"Paenibacillus glucanolyticus"
126569,"Paenibacillus glycanilyticus"
189425,"Paenibacillus graminis"
1464,"Paenibacillus larvae"
1401,"Paenibacillus lautus"
948756,"Paenibacillus macquariensis"
61624,"Paenibacillus mucilaginosus"
1472,"Paenibacillus pabuli"
1406,"Paenibacillus polymyxa"
359917,"Paenibacillus sepulcri"
58172,"Paenibacillus sp."
1870819,"Paenibacillus sp. BIHB4019"
385406,"Paenibacillus sp. CCBAU ZL506"
862114,"Paenibacillus sp. CIP 101062"
171398,"Paenibacillus sp. DSM 1352"
171402,"Paenibacillus sp. DSM 1474"
171400,"Paenibacillus sp. DSM 1482"
171399,"Paenibacillus sp. DSM 6358"
1495568,"Paenibacillus sp. IHB B 7270"
1870820,"Paenibacillus sp. IHBB 9852"
1236974,"Paenibacillus sp. JCM 10914"
324057,"Paenibacillus sp. JDR-2"
1113614,"Paenibacillus sp. NBRC 13630"
1113617,"Paenibacillus sp. NBRC 13637"
1590651,"Paenibacillus sp. VKM B-2647"
481743,"Paenibacillus sp. Y412MC10"
1146890,"Paenibacillus sp. YIM 110206"
159743,"Paenibacillus terrae"
369333,"Paenibacillus terrigena"
421768,"Paenibacillus tylopili"
1133364,"Paenibacillus vulneris"
268407,"Paenibacillus wynnii"
1505,"Paeniclostridium sordellii"
486407,"Paenochrobactrum glaciei"
83868,"Palaeococcus ferrophilus"
185300,"Paludibacter propionicigenes"
93220,"Pandoraea pnomenusa"
445709,"Pandoraea thiooxydans"
549,"Pantoea agglomerans"
553,"Pantoea ananatis"
665913,"Pantoea calida"
592316,"Pantoea sp. At-9b"
66269,"Pantoea stewartii"
100176,"Papillibacter cinnamivorans"
871327,"Parabacteroides chinchillae"
823,"Parabacteroides distasonis"
328812,"Parabacteroides goldsteinii"
574930,"Parabacteroides gordonii"
387661,"Parabacteroides johnsonii"
46503,"Parabacteroides merdae"
469591,"Parabacteroides sp. 20_3"
563193,"Parabacteroides sp. D13"
660537,"Paraburkholderia acidipaludis"
765414,"Paraburkholderia bannensis"
134536,"Paraburkholderia caledonica"
984307,"Paraburkholderia kururiensis"
148447,"Paraburkholderia phymatum"
311230,"Paraburkholderia terrae"
36873,"Paraburkholderia xenovorans"
1490,"Paraclostridium bifermentans"
1571207,"Paracoccus cavernae"
525640,"Paracoccus chinensis"
266,"Paracoccus denitrificans"
184748,"Paracoccus seriniphilus"
53463,"Paracoccus solventivorans"
81396,"Paracoccus sp. MBIC3024"
792640,"Paracoccus sp. MBIC3345"
90742,"Paracoccus sp. MBIC4017"
1113669,"Paracoccus sp. NBRC 100641"
147645,"Paracoccus yeei"
327856,"Paracraurococcus sp. ORS 1473"
623280,"Parapedobacter luteus"
454154,"Paraprevotella clara"
454155,"Paraprevotella xylaniphila"
78258,"Parascardovia denticolens"
487175,"Parasutterella excrementihominis"
626947,"Parasutterella secunda"
33033,"Parvimonas micra"
1768242,"Paucibacter sp. KCTC 42545"
86956,"Pectinatus cerevisiiphilus"
349096,"Pectinatus haikarae"
554,"Pectobacterium carotovorum"
1254,"Pediococcus acidilactici"
480391,"Pediococcus argentinicus"
319652,"Pediococcus cellicola"
187452,"Pediococcus claussenii"
51663,"Pediococcus damnosus"
319653,"Pediococcus ethanolidurans"
1255,"Pediococcus pentosaceus"
331679,"Pediococcus stilesii"
151894,"Pedobacter africanus"
475253,"Pedobacter alluvionis"
34086,"Pedobacter antarcticus"
475254,"Pedobacter borealis"
687842,"Pedobacter ginsenosidimutans"
984,"Pedobacter heparinus"
564835,"Pedobacter koreensis"
475255,"Pedobacter nyackensis"
1122943,"Pedobacter oryzae"
1411316,"Pedobacter sp."
1113770,"Pedobacter sp. NBRC 101363"
47497,"Pedomicrobium ferrugineum"
47498,"Pedomicrobium manganicum"
29542,"Pelobacter acetylenicus"
19,"Pelobacter carbinolicus"
225195,"Pelobacter massiliensis"
29543,"Pelobacter propionicus"
304,"Pelomonas saccharophila"
2741,"Peptococcus niger"
1258,"Peptoniphilus asaccharolyticus"
755172,"Peptoniphilus coxii"
507750,"Peptoniphilus duerdenii"
54005,"Peptoniphilus harei"
33030,"Peptoniphilus indolicus"
54006,"Peptoniphilus ivorii"
33031,"Peptoniphilus lacrimalis"
907224,"Peptoniphilus methioninivorax"
411570,"Peptoniphilus olsenii"
1175452,"Peptoniphilus rhinitidis"
1033744,"Peptoniphilus senegalensis JC140"
1111134,"Peptoniphilus sp. BV3C26"
1827099,"Peptoniphilus sp. JCM 8141"
701529,"Peptoniphilus sp. JCM 8143"
1436965,"Peptoniphilus stercorisuis"
755171,"Peptoniphilus tyrrelliae"
1261,"Peptostreptococcus anaerobius"
119854,"Peptostreptococcus sp. CCUG 42997"
341694,"Peptostreptococcus stomatis"
392589,"Perlucidibaca piscinae"
69499,"Petrotoga mobilis"
626940,"Phascolarctobacterium succinatutens"
98513,"Phenylobacterium haematophilum"
266125,"Phenylobacterium koreense"
284016,"Phenylobacterium zucineum"
555313,"Phocaeicola abscessus"
38293,"Photobacterium damselae"
1113712,"Photobacterium sp. NBRC 101057"
574560,"Photorhabdus temperata"
547188,"Phycisphaera mikurensis"
28101,"Phyllobacterium myrsinacearum"
125,"Pirellula staleyi"
1678308,"Planktothrix paucivesiculata"
414778,"Planococcus donghaensis"
192421,"Planococcus maritimus"
703,"Plesiomonas shigelloides"
313598,"Polaribacter sp. MED152"
991904,"Polymorphum gilvum"
576610,"Polynucleobacter necessarius"
515897,"Pontibaca methylaminivorans"
557332,"Pontibacter xinjiangensis"
1123045,"Ponticaulis koreensis"
1112,"Porphyrobacter neustonensis"
28123,"Porphyromonas asaccharolytica"
501496,"Porphyromonas bennonis"
36874,"Porphyromonas cangingivalis"
36875,"Porphyromonas canoris"
41976,"Porphyromonas catoniae"
29524,"Porphyromonas circumdentaria"
393921,"Porphyromonas crevioricanis"
28124,"Porphyromonas endodontalis"
837,"Porphyromonas gingivalis"
266762,"Porphyromonas gingivicanis"
28114,"Porphyromonas levii"
28115,"Porphyromonas macacae"
322095,"Porphyromonas somerae"
712438,"Porphyromonas sp. oral taxon 279"
281920,"Porphyromonas uenonis"
434086,"Porticoccus litoralis"
82985,"Pragia fontium"
1477506,"Prauserella sp. YIM 121212"
77768,"Prevotella albensis"
419005,"Prevotella amnii"
596085,"Prevotella aurantiaca"
305719,"Prevotella baroniae"
242750,"Prevotella bergensis"
28125,"Prevotella bivia"
77095,"Prevotella bryantii"
28126,"Prevotella buccae"
28127,"Prevotella buccalis"
165179,"Prevotella copri"
28128,"Prevotella corporis"
52227,"Prevotella dentalis"
589537,"Prevotella dentasini"
28129,"Prevotella denticola"
28130,"Prevotella disiens"
76123,"Prevotella enoeca"
589436,"Prevotella fusca"
470565,"Prevotella histicola"
28131,"Prevotella intermedia"
840,"Prevotella loescheii"
439703,"Prevotella maculosa"
189722,"Prevotella marshii"
28132,"Prevotella melaninogenica"
189723,"Prevotella micans"
282402,"Prevotella multiformis"
310514,"Prevotella multisaccharivorax"
425941,"Prevotella nanceiensis"
28133,"Prevotella nigrescens"
28134,"Prevotella oralis"
28135,"Prevotella oris"
185293,"Prevotella oryzae"
28136,"Prevotella oulorum"
60133,"Prevotella pallens"
185294,"Prevotella paludivivens"
407975,"Prevotella pleuritidis"
839,"Prevotella ruminicola"
633701,"Prevotella saccharolytica"
228604,"Prevotella salivae"
589437,"Prevotella scopos"
228603,"Prevotella shahii"
1134563,"Prevotella sp. JCM 6348"
652716,"Prevotella sp. oral taxon 299"
712469,"Prevotella sp. oral taxon 473"
363265,"Prevotella stercorea"
386414,"Prevotella timonensis"
28137,"Prevotella veroralis"
745311,"Primorskyibacter sedentarius"
1219,"Prochlorococcus marinus"
314319,"Prolixibacter bellariivorans"
470823,"Promicromonospora sp. YIM C656"
88382,"Promicromonospora sukumoe"
1747,"Propionibacterium acnes"
33010,"Propionibacterium avidum"
1744,"Propionibacterium freudenreichii"
33011,"Propionibacterium granulosum"
1750,"Propionibacterium propionicum"
1203571,"Propionibacterium sp. HGH0353"
33012,"Propionimicrobium lymphophilum"
86958,"Propionispira paucivorans"
86959,"Propionispira raffinosivorans"
48467,"Prosthecobacter debontii"
48466,"Prosthecobacter vanneervenii"
294710,"Proteiniphilum acetatigenes"
183417,"Proteus hauseri"
584,"Proteus mirabilis"
102862,"Proteus penneri"
585,"Proteus vulgaris"
126385,"Providencia alcalifaciens"
516074,"Providencia burhodogranariea"
333962,"Providencia heimbachae"
587,"Providencia rettgeri"
516075,"Providencia sneebia"
1034636,"Providencia sp. BIHB 1402"
588,"Providencia stuartii"
927669,"Pseudanabaena biceps"
82654,"Pseudanabaena sp. PCC 7367"
874454,"Pseudoalteromonas arabiensis"
327939,"Pseudoalteromonas byunsanensis"
228,"Pseudoalteromonas haloplanktis"
152297,"Pseudoalteromonas issachenkonii"
35825,"Pseudobacteroides cellulosolvens"
46206,"Pseudobutyrivibrio ruminis"
272239,"Pseudoclavibacter bifida"
106588,"Pseudoflavonifractor capillosus"
287,"Pseudomonas aeruginosa"
43263,"Pseudomonas alcaligenes"
101564,"Pseudomonas alcaliphila"
47877,"Pseudomonas amygdali"
587753,"Pseudomonas chlororaphis"
53408,"Pseudomonas citronellolis"
658457,"Pseudomonas composti"
47879,"Pseudomonas corrugata"
882211,"Pseudomonas deceptionensis"
29435,"Pseudomonas flavescens"
706570,"Pseudomonas flexibilis"
294,"Pseudomonas fluorescens"
296,"Pseudomonas fragi"
47880,"Pseudomonas fulva"
1608996,"Pseudomonas helleri"
256466,"Pseudomonas japonica"
132476,"Pseudomonas kilonensis"
163011,"Pseudomonas lini"
86185,"Pseudomonas lundensis"
243924,"Pseudomonas lutea"
300,"Pseudomonas mendocina"
76759,"Pseudomonas monteilii"
301,"Pseudomonas oleovorans"
254161,"Pseudomonas pachastrellae"
157782,"Pseudomonas parafulva"
70775,"Pseudomonas plecoglossicida"
380021,"Pseudomonas protegens"
122355,"Pseudomonas psychrophila"
303,"Pseudomonas putida"
53412,"Pseudomonas resinovorans"
472181,"Pseudomonas sabulinigri"
1708783,"Pseudomonas sp. DSM 100277"
100584,"Pseudomonas sp. MBIC2027"
1661032,"Pseudomonas sp. NBRC 111117"
1661049,"Pseudomonas sp. NBRC 111134"
1661050,"Pseudomonas sp. NBRC 111135"
1661055,"Pseudomonas sp. NBRC 111140"
1661059,"Pseudomonas sp. NBRC 111144"
452680,"Pseudomonas sp. UK4"
191298,"Pseudomonas sp. VKM B-2265"
316,"Pseudomonas stutzeri"
317,"Pseudomonas syringae"
47884,"Pseudomonas taetrolens"
86265,"Pseudomonas thivervalensis"
33069,"Pseudomonas viridiflava"
1608994,"Pseudomonas weihenstephanensis"
271420,"Pseudomonas xanthomarina"
551276,"Pseudonocardia acaciae"
367279,"Pseudonocardia ailaonensis"
75291,"Pseudonocardia alaniniphila"
54010,"Pseudonocardia asaccharolytica"
240495,"Pseudonocardia dioxanivorans"
29401,"Pseudonocardia halophobica"
709987,"Pseudonocardia rhizophila"
33909,"Pseudonocardia saturnea"
1397368,"Pseudonocardia sediminis"
60912,"Pseudonocardia sp."
566023,"Pseudonocardia sp. YIM 61043"
721033,"Pseudonocardia spinosa"
1848,"Pseudonocardia thermophila"
1095914,"Pseudonocardia yuanmonensis"
113287,"Pseudoramibacter alactolyticus"
994649,"Pseudorhodobacter sp. KOPRI 25878"
64971,"Pseudospirillum japonicum"
38322,"Pseudothermotoga elfii"
989403,"Pseudovibrio axinellae"
415229,"Pseudoxanthomonas spadix"
176598,"Pseudoxanthomonas taiwanensis"
126157,"Psychrobacillus psychrodurans"
219742,"Psychrobacter adeliensis"
334543,"Psychrobacter arcticus"
330922,"Psychrobacter cryohalolentis"
112002,"Psychrobacter pacificensis"
1113707,"Psychrobacter sp. NBRC 101050"
1113709,"Psychrobacter sp. NBRC 101052"
349106,"Psychrobacter sp. PRwf-1"
154108,"Psychrobacter submarinus"
45610,"Psychrobacter urativorans"
57029,"Psychroflexus torquis"
1007105,"Pusillimonas sp. T7-7"
638849,"Pyramidobacter piscolens"
29292,"Pyrococcus abyssi"
401654,"Rahnella sp. BIHB 783"
741091,"Rahnella sp. Y9602"
190721,"Ralstonia insidiosa"
329,"Ralstonia pickettii"
305,"Ralstonia solanacearum"
54291,"Raoultella ornithinolytica"
1341696,"Rehaibacterium terrae"
672157,"Reinekea aestuarii"
1646,"Renibacterium salmoninarum"
67576,"Rheinheimera baltica"
1550609,"Rheinheimera japonica"
173990,"Rheinheimera pacifica"
368811,"Rheinheimera perlucida"
1411123,"Rhizobiales bacterium YIM 77505"
240521,"Rhizobium daejeonense"
29449,"Rhizobium etli"
1535242,"Rhizobium sophorae"
796924,"Rhizobium sp. STM 3625"
78527,"Rhizobium undicola"
666685,"Rhodanobacter denitrificans"
418646,"Rhodanobacter ginsengisoli"
1075,"Rhodobacter blasticus"
1061,"Rhodobacter capsulatus"
1062,"Rhodobacter sp."
1063,"Rhodobacter sphaeroides"
367336,"Rhodobacterales bacterium HTCC2255"
34017,"Rhodobium orientis"
38310,"Rhodococcus coprophilus"
43767,"Rhodococcus equi"
1833,"Rhodococcus erythropolis"
1828,"Rhodococcus fascians"
33008,"Rhodococcus globerulus"
223392,"Rhodococcus gordoniae"
132919,"Rhodococcus jostii"
99653,"Rhodococcus koreensis"
103816,"Rhodococcus pyridinivorans"
334542,"Rhodococcus qingshengii"
1829,"Rhodococcus rhodochrous"
1830,"Rhodococcus ruber"
300028,"Rhodococcus triatomae"
1066,"Rhodocyclus tenuis"
81479,"Rhodoferax antarcticus"
28066,"Rhodoferax fermentans"
192843,"Rhodoferax ferrireducens"
987056,"Rhodoligotrophos appendicifer"
1069,"Rhodomicrobium vannielii"
1071,"Rhodopila globiformis"
200616,"Rhodoplanes cryptolactis"
1410330,"Rhodoplanes oryzae"
444923,"Rhodoplanes piscinae"
1085,"Rhodospirillum rubrum"
35805,"Rhodovulum euryhalinum"
33992,"Rickettsia rhipicephali"
34085,"Riemerella anatipestifer"
28139,"Rikenella microfusus"
373994,"Rivularia sp. PCC 7116"
252307,"Robiginitalea biformata"
180332,"Robinsoniella peoriensis"
1537,"Romboutsia lituseburensis"
301302,"Roseburia faecis"
301301,"Roseburia hominis"
166486,"Roseburia intestinalis"
360807,"Roseburia inulinivorans"
120962,"Roseiflexus castenholzii"
357808,"Roseiflexus sp. RS-1"
452982,"Roseomonas aerilata"
1452450,"Roseomonas alkaliterrae"
204934,"Roseomonas genomospecies 5"
257708,"Roseomonas gilardii"
207340,"Roseomonas mucosa"
1054996,"Roseovarius marisflavi"
172042,"Rothia aeria"
2047,"Rothia dentocariosa"
43675,"Rothia mucilaginosa"
85336,"Rothia nasimurium"
85338,"Rothia sp. CCUG 25688"
1646377,"Rouxiella sp. 323"
119,"Rubinisphaera brasiliensis"
89524,"Rubrimonas cliftonensis"
28068,"Rubrivivax gelatinosus"
42256,"Rubrobacter radiotolerans"
49319,"Rubrobacter xylanophilus"
540746,"Rudaea cellulosilytica"
451374,"Rudanella lutea"
1515,"Ruminiclostridium thermocellum"
867,"Ruminobacter amylophilus"
552398,"Ruminococcaceae bacterium D16"
1264,"Ruminococcus albus"
40518,"Ruminococcus bromii"
40519,"Ruminococcus callidus"
1161942,"Ruminococcus champanellensis"
592978,"Ruminococcus faecis"
1265,"Ruminococcus flavefaciens"
33038,"Ruminococcus gnavus"
46228,"Ruminococcus lactaris"
41978,"Ruminococcus sp."
457412,"Ruminococcus sp. 5_1_39BFAA"
169061,"Ruminococcus sp. CCUG 37327 A"
1671366,"Ruminococcus sp. DSM 100440"
1095771,"Ruminococcus sp. JC304"
33039,"Ruminococcus torques"
101070,"Rummeliibacillus pycnus"
241244,"Rummeliibacillus stabekisii"
106,"Runella slithyformis"
456493,"Saccharibacillus sacchari"
231053,"Saccharibacter floricola"
982,"Saccharicrinis fermentans"
319644,"Saccharofermentans acetigenes"
40988,"Saccharomonospora azurea"
208085,"Saccharomonospora paurometabolica"
908941,"Salimicrobium salexigens"
146919,"Salinibacter ruber"
157225,"Salinicoccus hispanicus"
680283,"Salinimicrobium marinum"
470866,"Salinimicrobium terrae"
1304158,"Salinisphaera halophila"
351187,"Salinispora pacifica"
168695,"Salinispora tropica"
503170,"Salisaeta longa"
54736,"Salmonella bongori"
28901,"Salmonella enterica"
927083,"Sandaracinus amylolyticus"
524288,"Sandarakinorhabdus sp. JC2488"
60920,"Sanguibacter keddieii"
60921,"Sanguibacter suarezii"
1008,"Saprospira grandis"
1005741,"Saprospiraceae bacterium KMM 9006"
78259,"Scardovia inopinata"
230143,"Scardovia wiggsiae"
360056,"Schlesneria paludicola"
55507,"Schwartzia succinivorans"
826,"Sebaldella termitidis"
426421,"Sediminibacterium salmoneum"
398037,"Segetibacter koreensis"
671224,"Selenomonas artemidis"
416586,"Selenomonas bovis"
135082,"Selenomonas infelix"
86957,"Selenomonas lacticifex"
135083,"Selenomonas noxia"
971,"Selenomonas ruminantium"
69823,"Selenomonas sputigena"
247333,"Serinicoccus marinus"
614,"Serratia liquefaciens"
615,"Serratia marcescens"
104623,"Serratia sp. ATCC 39006"
322505,"Sharpea azabuensis"
38313,"Shewanella algae"
62322,"Shewanella baltica"
558541,"Shewanella chilikensis"
552357,"Shewanella fodinae"
70863,"Shewanella oneidensis"
24,"Shewanella putrefaciens"
621,"Shigella boydii"
623,"Shigella flexneri"
624,"Shigella sonnei"
1776082,"Shigella sp. SF-2015"
563,"Shimwellia blattae"
352475,"Shinella zoogloeoides"
177972,"Shuttleworthia satelles"
63745,"Sideroxydans lithotrophicus"
265429,"Silanimonas lenta"
83561,"Simkania negevensis"
72,"Simonsiella muelleri"
466153,"Singulisphaera acidiphila"
37927,"Sinomonas atrocyanea"
110321,"Sinorhizobium medicae"
1648232,"Skermanella sp. YIM 93097"
498718,"Slackia equolifaciens"
84109,"Slackia exigua"
255723,"Slackia faecicanis"
84110,"Slackia heliotrinireducens"
572010,"Slackia isoflavoniconvertens"
626934,"Slackia piriformis"
187101,"Sneathia amnii"
40543,"Sneathia sanguinegens"
63612,"Sodalis glossinidius"
253256,"Soehngenia saccharolytica"
76853,"Solibacillus silvestris"
254408,"Solimonas variicoloris"
363832,"Solirubrobacter soli"
995,"Solitalea canadensis"
102148,"Solobacterium moorei"
2057,"Sphaerobacter thermophilus"
1131703,"Sphaerochaeta globosa"
1131707,"Sphaerochaeta pleomorpha"
1411150,"Sphaerochaeta sp. DSM 26296"
34103,"Sphaerotilus natans"
34087,"Sphingobacterium faecium"
1010,"Sphingobacterium mizutaii"
28454,"Sphingobacterium multivorum"
743722,"Sphingobacterium sp. 21"
999468,"Sphingobacterium sp. LMG 8345"
1113609,"Sphingobacterium sp. NBRC 13496"
1113650,"Sphingobacterium sp. NBRC 15340"
86193,"Sphingobium abikonense"
135719,"Sphingobium amiense"
365341,"Sphingobium aromaticiconvertens"
121428,"Sphingobium xenophagum"
13690,"Sphingobium yanoikuyae"
93063,"Sphingomonas aquatilis"
40681,"Sphingomonas asaccharolytica"
407019,"Sphingomonas astaxanthinifaciens"
330920,"Sphingomonas azotifigens"
529705,"Sphingomonas changbaiensis"
59803,"Sphingomonas echinoides"
179878,"Sphingomonas elodea"
392409,"Sphingomonas jaspsi"
93064,"Sphingomonas koreensis"
68569,"Sphingomonas leidyi"
40682,"Sphingomonas mali"
28213,"Sphingomonas parapaucimobilis"
13689,"Sphingomonas paucimobilis"
257003,"Sphingomonas phyllosphaerae"
33051,"Sphingomonas sanguinis"
194867,"Sphingomonas sp. ATCC 31555"
745310,"Sphingomonas sp. MM-1"
195097,"Sphingomonas sp. PC5.28"
1549858,"Sphingomonas taxi"
53317,"Sphingomonas trueperi"
160791,"Sphingomonas wittichii"
117207,"Sphingopyxis alaskensis"
33050,"Sphingopyxis macrogoltabida"
33052,"Sphingopyxis terrae"
614671,"Sphingosinicella vermicomposti"
1335757,"Spiribacter sp. UAH-SP71"
1123914,"Spirillum lunatum"
147,"Spirochaeta aurantia"
55206,"Spirochaeta smaragdinae"
216931,"Spiroplasma alleghenense"
2137,"Spiroplasma apis"
216932,"Spiroplasma chinense"
216933,"Spiroplasma chrysopicola"
2139,"Spiroplasma clarkii"
216934,"Spiroplasma corruscae"
216935,"Spiroplasma culicicola"
216936,"Spiroplasma diminutum"
216937,"Spiroplasma floricola"
216940,"Spiroplasma lampyridicola"
216941,"Spiroplasma leptinotarsae"
216943,"Spiroplasma montanense"
301585,"Spiroplasma platyhelix"
216945,"Spiroplasma syrphidicola"
2145,"Spiroplasma taiwanense"
216947,"Spiroplasma velocicrescens"
108,"Spirosoma linguale"
54311,"Spirulina subsalsa"
454602,"Spongiibacter tropicus"
35751,"Sporichthya polymorpha"
44749,"Sporobacter termitidis"
33026,"Sporolactobacillus dextrus"
269670,"Sporolactobacillus nakayamae"
582850,"Sporosarcina luteola"
1476,"Sporosarcina psychrophila"
359365,"Sporosarcina saromensis"
470832,"Sporosarcina sp. YIM C303"
1571,"Sporosarcina ureae"
283811,"Stackebrandtia nassauensis"
1280,"Staphylococcus aureus"
29380,"Staphylococcus caprae"
1282,"Staphylococcus epidermidis"
246432,"Staphylococcus equorum"
1283,"Staphylococcus haemolyticus"
1290,"Staphylococcus hominis"
1285,"Staphylococcus intermedius"
28035,"Staphylococcus lugdunensis"
283734,"Staphylococcus pseudintermedius"
29385,"Staphylococcus saprophyticus"
1296,"Staphylococcus sciuri"
1286,"Staphylococcus simulans"
1292,"Staphylococcus warneri"
1288,"Staphylococcus xylosus"
94,"Stella humosa"
217070,"Stella vacuolata"
128780,"Stenotrophomonas acidaminiphila"
517011,"Stenotrophomonas chelatiphaga"
405444,"Stenotrophomonas humi"
266128,"Stenotrophomonas koreensis"
40324,"Stenotrophomonas maltophilia"
83617,"Stenotrophomonas nitritireducens"
676599,"Stenotrophomonas panacihumi"
487698,"Stenotrophomonas pavanii"
216778,"Stenotrophomonas rhizophila"
405446,"Stenotrophomonas terrae"
465721,"Steroidobacter denitrificans"
1842136,"Steroidobacter flavus"
796942,"Stomatobaculum longum"
1162717,"Streptobacillus hongkongensis"
34105,"Streptobacillus moniliformis"
1326,"Streptococcus acidominimus"
1311,"Streptococcus agalactiae"
29389,"Streptococcus alactolyticus"
1328,"Streptococcus anginosus"
113107,"Streptococcus australis"
76860,"Streptococcus constellatus"
1333,"Streptococcus criceti"
45634,"Streptococcus cristatus"
1334,"Streptococcus dysgalactiae"
1336,"Streptococcus equi"
1335,"Streptococcus equinus"
1345,"Streptococcus ferus"
315405,"Streptococcus gallolyticus"
1302,"Streptococcus gordonii"
254785,"Streptococcus halichoeri"
102684,"Streptococcus infantarius"
68892,"Streptococcus infantis"
1338,"Streptococcus intermedius"
150055,"Streptococcus lutetiensis"
59310,"Streptococcus macedonicus"
313439,"Streptococcus massiliensis"
229549,"Streptococcus minor"
28037,"Streptococcus mitis"
1309,"Streptococcus mutans"
1303,"Streptococcus oralis"
114652,"Streptococcus orisratti"
1318,"Streptococcus parasanguinis"
197614,"Streptococcus pasteurianus"
68891,"Streptococcus peroris"
82348,"Streptococcus pluranimalium"
1313,"Streptococcus pneumoniae"
257758,"Streptococcus pseudopneumoniae"
1314,"Streptococcus pyogenes"
1341,"Streptococcus ratti"
1304,"Streptococcus salivarius"
1305,"Streptococcus sanguinis"
1310,"Streptococcus sobrinus"
1105032,"Streptococcus sp. BS35b"
435842,"Streptococcus sp. C150"
1169673,"Streptococcus sp. GMD4S"
1156433,"Streptococcus sp. I-P16"
1385386,"Streptococcus sp. MR-1933"
1385389,"Streptococcus sp. MR-1951"
1307,"Streptococcus suis"
1308,"Streptococcus thermophilus"
1077464,"Streptococcus tigurinus"
1349,"Streptococcus uberis"
149016,"Streptococcus urinalis"
1343,"Streptococcus vestibularis"
67269,"Streptomyces alboviridis"
1888,"Streptomyces albus"
1894,"Streptomyces aureofaciens"
42235,"Streptomyces bottropensis"
29303,"Streptomyces cattleya"
53446,"Streptomyces cinnamoneus"
68188,"Streptomyces clavifer"
1902,"Streptomyces coelicolor"
67296,"Streptomyces finlayi"
285535,"Streptomyces fulvoviolaceus"
1908,"Streptomyces globisporus"
1911,"Streptomyces griseus"
68219,"Streptomyces iakyrus"
1914,"Streptomyces lavendulae"
44032,"Streptomyces macrosporus"
35621,"Streptomyces mobaraensis"
1963,"Streptomyces olivochromogenes"
1464077,"Streptomyces purpeochromogenes"
68259,"Streptomyces purpurogeneiscleroticus"
1927,"Streptomyces rimosus"
159449,"Streptomyces scabrisporus"
452529,"Streptomyces scopuliridis"
1463836,"Streptomyces sp. NRRL B-3229"
1463837,"Streptomyces sp. NRRL B-3253"
1463840,"Streptomyces sp. NRRL F-2305"
1609137,"Streptomyces sp. NRRL F-4428"
1463864,"Streptomyces sp. NRRL F-5630"
1463870,"Streptomyces sp. NRRL F-5702"
1463889,"Streptomyces sp. NRRL S-1824"
1463908,"Streptomyces sp. NRRL S-455"
1463910,"Streptomyces sp. NRRL S-475"
1463921,"Streptomyces sp. NRRL S-920"
470842,"Streptomyces sp. YIM C513"
68274,"Streptomyces tauricus"
67368,"Streptomyces termitum"
284042,"Streptomyces violaceorubidus"
66377,"Streptomyces violens"
284041,"Streptomyces viridobrunneus"
2002,"Streptosporangium amethystogenes"
665956,"Subdoligranulum sp. 4_3_54A2FAA"
214851,"Subdoligranulum variabile"
626938,"Succinatimonas hippei"
83771,"Succinivibrio dextrinosolvens"
28034,"Sulfobacillus thermosulfidooxidans"
649841,"Sulfuricella denitrificans"
39766,"Sulfurimonas denitrificans"
748811,"Sulfuritalea hydrogenivorans"
57666,"Sulfurospirillum arcachonense"
194424,"Sulfurospirillum halorespirans"
66821,"Sulfurospirillum multivorans"
387093,"Sulfurovum sp. NBC37-1"
437898,"Sutterella parvirubra"
282125,"Sutterella sanguinus"
234908,"Sutterella stercoricanis"
40545,"Sutterella wadsworthensis"
2734,"Symbiobacterium thermophilum"
32046,"Synechococcus elongatus"
110662,"Synechococcus sp. CC9605"
321327,"Synechococcus sp. JA-3-3Ab"
195253,"Synechococcus sp. PCC 6312"
195250,"Synechococcus sp. PCC 7336"
32051,"Synechococcus sp. WH 7803"
84588,"Synechococcus sp. WH 8102"
927677,"Synechocystis sp. PCC 7509"
2754,"Synergistes jonesii"
457415,"Synergistes sp. 3_1_syn1"
375750,"Synergistes sp. RMA 14551"
51197,"Syntrophobotulus glycolicus"
84037,"Syntrophococcus sucromutans"
2082,"Syntrophomonas bryantii"
402877,"Syntrophomonas palmitatica"
863,"Syntrophomonas wolfei"
316277,"Syntrophus aciditrophicus"
28112,"Tannerella forsythia"
84590,"Taylorella asinigenitalis"
34071,"Telluria mixta"
104268,"Tenacibaculum mesophilum"
499229,"Tepidanaerobacter acetatoxydans"
285106,"Tepidimicrobium ferriphilum"
288769,"Tepidimonas arfidensis"
203471,"Tepidiphilus margaritifer"
64973,"Terasakiella pusilla"
586416,"Terribacillus aidingensis"
361277,"Terribacillus saccharophilus"
249,"Terrimonas ferruginea"
36841,"Terrisporobacter glycolicus"
1541,"Terrisporobacter mayombei"
1689449,"Tessaracoccus rhinocerotis"
51669,"Tetragenococcus halophilus"
187493,"Thalassolituus oleivorans"
33058,"Thauera selenatis"
85643,"Thauera sp. MZ1T"
85874,"Thermacetogenium phaeum"
73919,"Thermaerobacter marianensis"
94009,"Thermicanus aegyptius"
863643,"Thermincola potens"
583357,"Thermoanaerobacter mathranii"
496866,"Thermoanaerobacter pseudethanolicus"
1516,"Thermoanaerobacter thermohydrosulfuricus"
166501,"Thermobaculum terrenum"
483545,"Thermobifida halotolerans"
53422,"Thermobrachium celere"
161156,"Thermodesulfobacterium hydrogeniphilum"
86166,"Thermodesulfovibrio aggregans"
28262,"Thermodesulfovibrio yellowstonii"
29539,"Thermoleophilum album"
500,"Thermomicrobium roseum"
28195,"Thermonema lapsum"
1054217,"Thermoplasmatales archaeon BRNA1"
291990,"Thermosediminibacter oceani"
2421,"Thermosipho africanus"
46541,"Thermosipho melanesiensis"
2337,"Thermotoga neapolitana"
1449080,"Thermus amyloliquefaciens"
540988,"Thermus islandicus"
37636,"Thermus scotoductus"
274,"Thermus thermophilus"
1033854,"Thioalkalivibrio sulfidiphilus"
931,"Thiobacillus thioparus"
12934,"Thiocapsa pendens"
285109,"Thioclava pacifica"
339866,"Thiomonas bhubaneswarensis"
926,"Thiomonas intermedia"
125614,"Thiothrix disciformis"
92487,"Thiothrix eikelboomii"
43143,"Tissierella creatinini"
79681,"Tissierella creatinophila"
43131,"Tissierella praeacuta"
43948,"Tolumonas auensis"
150829,"Treponema azotonutricium"
225004,"Treponema berlinense"
81028,"Treponema brennaborense"
163,"Treponema bryantii"
158,"Treponema denticola"
53418,"Treponema lecithinolyticum"
51160,"Treponema maltophilum"
53435,"Treponema paraluiscuniculi"
164,"Treponema pectinovorum"
88058,"Treponema primitia"
174922,"Treponema refringens"
53419,"Treponema socranskii"
152,"Treponema stenostreptum"
167,"Treponema succinifaciens"
69710,"Treponema vincentii"
140314,"Trichococcus palustris"
1111983,"Trichococcus sp. KOPRI80176"
1206,"Trichodesmium erythraeum"
2039,"Tropheryma whipplei"
59561,"Trueperella bernardiae"
1661,"Trueperella pyogenes"
47312,"Tsukamurella pulmonis"
57704,"Tsukamurella tyrosinosolvens"
29321,"Turicella otitidis"
154288,"Turicibacter sanguinis"
29510,"Turneriella parva"
29361,"Tyzzerella nexilis"
392736,"Uliginosibacterium gangwonense"
134821,"Ureaplasma parvum"
2130,"Ureaplasma urealyticum"
367742,"Ureibacillus composti"
51173,"Ureibacillus thermosphaericus"
218144,"Vagococcus carniphilus"
2738,"Vagococcus fluvialis"
81947,"Vagococcus lutrae"
2739,"Vagococcus salmoninarum"
519472,"Vagococcus teuberi"
184870,"Varibaculum cambriense"
1177728,"Varibaculum sp. CCUG 31793"
1177732,"Varibaculum sp. CCUG 45271"
34073,"Variovorax paradoxus"
1775536,"Variovorax sp. JCM 10066"
665118,"Vasilyevaea enhydra"
39777,"Veillonella atypica"
248316,"Veillonella caviae"
103891,"Veillonella criceti"
39778,"Veillonella dispar"
29466,"Veillonella parvula"
103892,"Veillonella ratti"
457416,"Veillonella sp. 3_1_44"
450749,"Veillonella sp. 6_1_27"
1203593,"Veillonella sp. HPA0037"
671228,"Veillonella sp. oral taxon 158"
671229,"Veillonella sp. oral taxon 780"
1110546,"Veillonella tobetsuensis"
2736,"Verrucomicrobium spinosum"
663,"Vibrio alginolyticus"
512649,"Vibrio azureus"
666,"Vibrio cholerae"
685,"Vibrio diazotrophicus"
71388,"Vibrio halioticoli"
669,"Vibrio harveyi"
674,"Vibrio mimicus"
670,"Vibrio parahaemolyticus"
184755,"Vibrio ruber"
212663,"Vibrio tasmaniensis"
672,"Vibrio vulnificus"
170661,"Vibrio xuii"
1755629,"Victivallis sp. MC_44"
1482,"Virgibacillus halodenitrificans"
202261,"Virgibacillus kekensis"
163877,"Virgibacillus necropolis"
1113909,"Virgibacillus sp. NBRC 102404"
470860,"Virgibacillus sp. YIM C510"
470861,"Virgibacillus sp. YIM C826"
470863,"Virgibacillus sp. YIM C834"
263476,"Viridibacillus arenosi"
263475,"Viridibacillus arvi"
45465,"Vogesella indigofera"
1169913,"Vulcaniibacterium thermophilum"
574963,"Wandonia haliotis"
137591,"Weissella cibaria"
1583,"Weissella confusa"
467997,"Weissella ghanensis"
1615,"Weissella halotolerans"
165096,"Weissella koreensis"
1249,"Weissella paramesenteroides"
521157,"Weissella sp. KLDS 7.0701"
1114042,"Weissella sp. NBRC 107219"
1114067,"Weissella sp. NBRC 107245"
1629,"Weissella viridescens"
1195760,"Wenyingzhuangia marina"
66084,"Wolbachia sp. wRi"
844,"Wolinella succinogenes"
29447,"Xanthomonas albilineans"
339,"Xanthomonas campestris"
456327,"Xanthomonas euvesicatoria"
347,"Xanthomonas oryzae"
290109,"Xenorhabdus innexi"
290112,"Xenorhabdus szentirmaii"
630,"Yersinia enterocolitica"
632,"Yersinia pestis"
29485,"Yersinia rohdei"
360055,"Zavarzinella formosa"
1264899,"Zavarzinia compransoris"
350,"Zoogloea ramigera"
542,"Zymomonas mobilis"
